Timestamp,Class,Confidence
2025-11-11 10:29:59,person,0.795
2025-11-11 10:29:59,person,0.262
2025-11-11 14:16:42,snapshot_1761532651.jpg,chair,0.649
2025-11-11 14:16:42,snapshot_1761532651.jpg,person,0.274
2025-11-11 14:16:42,snapshot_1761532651.jpg,bottle,0.273
2025-11-11 14:16:42,snapshot_1761532658.jpg,bottle,0.72
2025-11-11 14:16:42,snapshot_1761532668.jpg,laptop,0.93
2025-11-11 14:16:42,snapshot_1761532668.jpg,mouse,0.559
2025-11-11 14:16:42,snapshot_1761532668.jpg,bottle,0.45
2025-11-11 14:16:42,snapshot_1761532668.jpg,person,0.403
2025-11-11 14:16:42,snapshot_1761532673.jpg,bus,0.726
2025-11-11 14:16:42,snapshot_1761532673.jpg,person,0.263
2025-11-11 14:16:42,snapshot_1761532678.jpg,person,0.625
2025-11-11 14:16:42,snapshot_1761532678.jpg,bottle,0.272
2025-11-11 14:16:42,snapshot_1761532678.jpg,chair,0.252
2025-11-11 14:16:42,snapshot_1761532683.jpg,laptop,0.772
2025-11-11 14:16:42,snapshot_1761532683.jpg,cup,0.304
2025-11-11 14:16:42,snapshot_1761532683.jpg,person,0.29
2025-11-11 14:16:42,snapshot_1761532683.jpg,bottle,0.277
2025-11-11 14:16:42,snapshot_1761532683.jpg,person,0.275
2025-11-11 14:16:42,snapshot_1761532683.jpg,tv,0.273
2025-11-11 14:16:42,snapshot_1761532683.jpg,bed,0.263
2025-11-11 14:16:43,snapshot_1761532693.jpg,laptop,0.919
2025-11-11 14:16:43,snapshot_1761532693.jpg,person,0.836
2025-11-11 14:16:43,snapshot_1761532693.jpg,mouse,0.661
2025-11-11 14:16:43,snapshot_1761532693.jpg,person,0.314
2025-11-11 14:16:43,snapshot_1761532693.jpg,book,0.303
2025-11-11 14:16:43,snapshot_1761532698.jpg,chair,0.552
2025-11-11 14:16:43,snapshot_1761532698.jpg,person,0.458
2025-11-11 14:16:43,snapshot_1761532698.jpg,remote,0.304
2025-11-11 14:16:43,snapshot_1761532698.jpg,keyboard,0.283
2025-11-11 14:16:43,snapshot_1761532703.jpg,fork,0.344
2025-11-11 14:16:43,snapshot_1761532708.jpg,laptop,0.88
2025-11-11 14:16:43,snapshot_1761532708.jpg,person,0.741
2025-11-11 14:16:43,snapshot_1761532708.jpg,mouse,0.359
2025-11-11 14:16:43,snapshot_1761532713.jpg,book,0.657
2025-11-11 14:16:43,snapshot_1761532713.jpg,suitcase,0.295
2025-11-11 14:16:43,snapshot_1761532718.jpg,person,0.855
2025-11-11 14:16:43,snapshot_1761532718.jpg,chair,0.697
2025-11-11 14:16:43,snapshot_1761532718.jpg,chair,0.567
2025-11-11 14:16:43,snapshot_1761532718.jpg,bottle,0.456
2025-11-11 14:16:43,snapshot_1761532718.jpg,laptop,0.439
2025-11-11 14:16:43,snapshot_1761532718.jpg,person,0.403
2025-11-11 14:16:43,snapshot_1761532718.jpg,tv,0.395
2025-11-11 14:16:43,snapshot_1761532718.jpg,tv,0.321
2025-11-11 14:16:43,snapshot_1761532718.jpg,laptop,0.296
2025-11-11 14:16:43,snapshot_1761532718.jpg,chair,0.296
2025-11-11 14:16:43,snapshot_1761532718.jpg,chair,0.294
2025-11-11 14:16:43,snapshot_1761532718.jpg,bottle,0.267
2025-11-11 14:16:43,snapshot_1761532718.jpg,chair,0.262
2025-11-11 14:16:43,snapshot_1761532723.jpg,person,0.778
2025-11-11 14:16:43,snapshot_1761532723.jpg,chair,0.59
2025-11-11 14:16:43,snapshot_1761532723.jpg,cup,0.588
2025-11-11 14:16:43,snapshot_1761532723.jpg,person,0.555
2025-11-11 14:16:43,snapshot_1761532723.jpg,chair,0.485
2025-11-11 14:16:43,snapshot_1761532723.jpg,person,0.435
2025-11-11 14:16:43,snapshot_1761532723.jpg,cup,0.399
2025-11-11 14:16:43,snapshot_1761532723.jpg,chair,0.309
2025-11-11 14:16:43,snapshot_1761532723.jpg,tv,0.28
2025-11-11 14:16:43,snapshot_1761532723.jpg,chair,0.26
2025-11-11 14:16:43,snapshot_1761532917.jpg,laptop,0.956
2025-11-11 14:16:43,snapshot_1761532917.jpg,cell phone,0.626
2025-11-11 14:16:43,snapshot_1761532917.jpg,person,0.608
2025-11-11 14:16:43,snapshot_1761532917.jpg,person,0.546
2025-11-11 14:16:43,snapshot_1761532917.jpg,cell phone,0.477
2025-11-11 14:16:43,snapshot_1761532917.jpg,bottle,0.355
2025-11-11 14:16:43,snapshot_1761532919.jpg,laptop,0.94
2025-11-11 14:16:43,snapshot_1761532919.jpg,person,0.78
2025-11-11 14:16:43,snapshot_1761532919.jpg,cell phone,0.748
2025-11-11 14:16:43,snapshot_1761532919.jpg,cell phone,0.686
2025-11-11 14:16:43,snapshot_1761532919.jpg,bottle,0.33
2025-11-11 14:16:43,snapshot_1761532934.jpg,laptop,0.867
2025-11-11 14:16:43,snapshot_1761532934.jpg,person,0.683
2025-11-11 14:16:43,snapshot_1761532934.jpg,cell phone,0.467
2025-11-11 14:16:43,snapshot_1761532934.jpg,bottle,0.419
2025-11-11 14:16:44,snapshot_1761532944.jpg,person,0.775
2025-11-11 14:16:44,snapshot_1761532944.jpg,person,0.406
2025-11-11 14:16:44,snapshot_1761532944.jpg,person,0.286
2025-11-11 14:16:44,snapshot_1761532949.jpg,person,0.676
2025-11-11 14:16:44,snapshot_1761532949.jpg,person,0.571
2025-11-11 14:16:44,snapshot_1761532949.jpg,person,0.404
2025-11-11 14:16:44,snapshot_1761532954.jpg,person,0.388
2025-11-11 14:16:44,snapshot_1761532954.jpg,person,0.252
2025-11-11 14:16:44,snapshot_1761532958.jpg,person,0.564
2025-11-11 14:16:44,snapshot_1761532958.jpg,person,0.301
2025-11-11 14:16:44,snapshot_1761532964.jpg,person,0.931
2025-11-11 14:16:44,snapshot_1761532964.jpg,laptop,0.922
2025-11-11 14:16:44,snapshot_1761532964.jpg,cell phone,0.805
2025-11-11 14:16:44,snapshot_1761532964.jpg,person,0.65
2025-11-11 14:16:44,snapshot_1761532964.jpg,bottle,0.563
2025-11-11 14:16:44,snapshot_1761532964.jpg,cell phone,0.563
2025-11-11 14:16:44,snapshot_1761532969.jpg,laptop,0.911
2025-11-11 14:16:44,snapshot_1761532969.jpg,cell phone,0.644
2025-11-11 14:16:44,snapshot_1761532969.jpg,bottle,0.45
2025-11-11 14:16:44,snapshot_1761532969.jpg,cell phone,0.358
2025-11-11 14:16:44,snapshot_1761532974.jpg,person,0.765
2025-11-11 14:16:44,snapshot_1761532974.jpg,book,0.569
2025-11-11 14:16:44,snapshot_1761532974.jpg,book,0.536
2025-11-11 14:16:44,snapshot_1761532974.jpg,book,0.405
2025-11-11 14:16:44,snapshot_1761532974.jpg,book,0.271
2025-11-11 14:16:44,snapshot_1761532974.jpg,book,0.252
2025-11-11 14:16:44,snapshot_1761532979.jpg,laptop,0.859
2025-11-11 14:16:44,snapshot_1761532979.jpg,person,0.584
2025-11-11 14:16:44,snapshot_1761532979.jpg,book,0.43
2025-11-11 14:16:44,snapshot_1761532984.jpg,person,0.865
2025-11-11 14:16:44,snapshot_1761532989.jpg,bed,0.438
2025-11-11 14:16:44,snapshot_1761532989.jpg,person,0.405
2025-11-11 14:16:44,snapshot_1761532989.jpg,bed,0.402
2025-11-11 14:16:44,snapshot_1761532989.jpg,book,0.387
2025-11-11 14:16:45,snapshot_1761535766.jpg,cup,0.704
2025-11-11 14:16:45,snapshot_1761535766.jpg,bed,0.405
2025-11-11 14:16:45,snapshot_1761535770.jpg,laptop,0.943
2025-11-11 14:16:45,snapshot_1761535770.jpg,bottle,0.601
2025-11-11 14:16:45,snapshot_1761535770.jpg,mouse,0.455
2025-11-11 14:16:45,snapshot_1761535770.jpg,laptop,0.44
2025-11-11 14:16:45,snapshot_1761535770.jpg,book,0.43
2025-11-11 14:16:45,snapshot_1761535770.jpg,person,0.298
2025-11-11 14:16:45,snapshot_1761535770.jpg,bed,0.264
2025-11-11 14:16:45,snapshot_1762827695.jpg,cat,0.358
2025-11-11 14:16:45,snapshot_1762827700.jpg,dog,0.56
2025-11-11 14:16:45,snapshot_1762827704.jpg,person,0.595
2025-11-11 14:16:45,snapshot_1762827704.jpg,cat,0.317
2025-11-11 14:16:45,snapshot_1762827705.jpg,dog,0.442
2025-11-11 14:16:45,snapshot_1762827707.jpg,dog,0.41
2025-11-11 14:16:45,snapshot_1762827710.jpg,dog,0.496
2025-11-11 14:16:46,snapshot_1762828086.jpg,keyboard,0.668
2025-11-11 14:16:46,snapshot_1762828086.jpg,book,0.297
2025-11-11 14:16:46,snapshot_1762828093.jpg,keyboard,0.665
2025-11-11 14:16:46,snapshot_1762829056.jpg,person,0.864
2025-11-11 14:16:46,snapshot_1762829056.jpg,keyboard,0.306
2025-11-11 14:16:46,snapshot_1762829060.jpg,person,0.795
2025-11-11 14:16:46,snapshot_1762829060.jpg,person,0.262
2025-11-11 14:17:07,snapshot_1762849026.jpg,person,0.786
2025-11-11 14:17:07,snapshot_1762849026.jpg,tie,0.26
2025-11-11 14:17:12,snapshot_1762849031.jpg,person,0.774
2025-11-11 14:17:17,snapshot_1762849035.jpg,person,0.711
2025-11-11 14:17:17,snapshot_1762849035.jpg,dog,0.638
2025-11-11 14:17:22,snapshot_1762849040.jpg,person,0.364
2025-11-11 14:17:28,snapshot_1762849045.jpg,person,0.617
2025-11-11 14:17:33,snapshot_1762849051.jpg,person,0.733
2025-11-11 14:17:43,snapshot_1762849061.jpg,laptop,0.881
2025-11-11 14:17:43,snapshot_1762849061.jpg,bottle,0.823
2025-11-11 14:17:49,snapshot_1762849066.jpg,laptop,0.744
2025-11-11 14:31:00,snapshot_1761532651.jpg,chair,0.649
2025-11-11 14:31:00,snapshot_1761532651.jpg,person,0.274
2025-11-11 14:31:00,snapshot_1761532651.jpg,bottle,0.273
2025-11-11 14:31:00,snapshot_1761532658.jpg,bottle,0.72
2025-11-11 14:31:00,snapshot_1761532668.jpg,laptop,0.93
2025-11-11 14:31:00,snapshot_1761532668.jpg,mouse,0.559
2025-11-11 14:31:00,snapshot_1761532668.jpg,bottle,0.45
2025-11-11 14:31:00,snapshot_1761532668.jpg,person,0.403
2025-11-11 14:31:01,snapshot_1761532673.jpg,bus,0.726
2025-11-11 14:31:01,snapshot_1761532673.jpg,person,0.263
2025-11-11 14:31:01,snapshot_1761532678.jpg,person,0.625
2025-11-11 14:31:01,snapshot_1761532678.jpg,bottle,0.272
2025-11-11 14:31:01,snapshot_1761532678.jpg,chair,0.252
2025-11-11 14:31:01,snapshot_1761532683.jpg,laptop,0.772
2025-11-11 14:31:01,snapshot_1761532683.jpg,cup,0.304
2025-11-11 14:31:01,snapshot_1761532683.jpg,person,0.29
2025-11-11 14:31:01,snapshot_1761532683.jpg,bottle,0.277
2025-11-11 14:31:01,snapshot_1761532683.jpg,person,0.275
2025-11-11 14:31:01,snapshot_1761532683.jpg,tv,0.273
2025-11-11 14:31:01,snapshot_1761532683.jpg,bed,0.263
2025-11-11 14:31:01,snapshot_1761532693.jpg,laptop,0.919
2025-11-11 14:31:01,snapshot_1761532693.jpg,person,0.836
2025-11-11 14:31:01,snapshot_1761532693.jpg,mouse,0.661
2025-11-11 14:31:01,snapshot_1761532693.jpg,person,0.314
2025-11-11 14:31:01,snapshot_1761532693.jpg,book,0.303
2025-11-11 14:31:01,snapshot_1761532698.jpg,chair,0.552
2025-11-11 14:31:01,snapshot_1761532698.jpg,person,0.458
2025-11-11 14:31:01,snapshot_1761532698.jpg,remote,0.304
2025-11-11 14:31:01,snapshot_1761532698.jpg,keyboard,0.283
2025-11-11 14:31:01,snapshot_1761532703.jpg,fork,0.344
2025-11-11 14:31:01,snapshot_1761532708.jpg,laptop,0.88
2025-11-11 14:31:01,snapshot_1761532708.jpg,person,0.741
2025-11-11 14:31:01,snapshot_1761532708.jpg,mouse,0.359
2025-11-11 14:31:01,snapshot_1761532713.jpg,book,0.657
2025-11-11 14:31:01,snapshot_1761532713.jpg,suitcase,0.295
2025-11-11 14:31:01,snapshot_1761532718.jpg,person,0.855
2025-11-11 14:31:01,snapshot_1761532718.jpg,chair,0.697
2025-11-11 14:31:01,snapshot_1761532718.jpg,chair,0.567
2025-11-11 14:31:01,snapshot_1761532718.jpg,bottle,0.456
2025-11-11 14:31:01,snapshot_1761532718.jpg,laptop,0.439
2025-11-11 14:31:01,snapshot_1761532718.jpg,person,0.403
2025-11-11 14:31:01,snapshot_1761532718.jpg,tv,0.395
2025-11-11 14:31:01,snapshot_1761532718.jpg,tv,0.321
2025-11-11 14:31:01,snapshot_1761532718.jpg,laptop,0.296
2025-11-11 14:31:01,snapshot_1761532718.jpg,chair,0.296
2025-11-11 14:31:01,snapshot_1761532718.jpg,chair,0.294
2025-11-11 14:31:01,snapshot_1761532718.jpg,bottle,0.267
2025-11-11 14:31:01,snapshot_1761532718.jpg,chair,0.262
2025-11-11 14:31:01,snapshot_1761532723.jpg,person,0.778
2025-11-11 14:31:01,snapshot_1761532723.jpg,chair,0.59
2025-11-11 14:31:01,snapshot_1761532723.jpg,cup,0.588
2025-11-11 14:31:01,snapshot_1761532723.jpg,person,0.555
2025-11-11 14:31:01,snapshot_1761532723.jpg,chair,0.485
2025-11-11 14:31:01,snapshot_1761532723.jpg,person,0.435
2025-11-11 14:31:01,snapshot_1761532723.jpg,cup,0.399
2025-11-11 14:31:01,snapshot_1761532723.jpg,chair,0.309
2025-11-11 14:31:01,snapshot_1761532723.jpg,tv,0.28
2025-11-11 14:31:01,snapshot_1761532723.jpg,chair,0.26
2025-11-11 14:31:01,snapshot_1761532917.jpg,laptop,0.956
2025-11-11 14:31:01,snapshot_1761532917.jpg,cell phone,0.626
2025-11-11 14:31:01,snapshot_1761532917.jpg,person,0.608
2025-11-11 14:31:01,snapshot_1761532917.jpg,person,0.546
2025-11-11 14:31:01,snapshot_1761532917.jpg,cell phone,0.477
2025-11-11 14:31:01,snapshot_1761532917.jpg,bottle,0.355
2025-11-11 14:31:01,snapshot_1761532919.jpg,laptop,0.94
2025-11-11 14:31:01,snapshot_1761532919.jpg,person,0.78
2025-11-11 14:31:01,snapshot_1761532919.jpg,cell phone,0.748
2025-11-11 14:31:01,snapshot_1761532919.jpg,cell phone,0.686
2025-11-11 14:31:01,snapshot_1761532919.jpg,bottle,0.33
2025-11-11 14:31:01,snapshot_1761532934.jpg,laptop,0.867
2025-11-11 14:31:01,snapshot_1761532934.jpg,person,0.683
2025-11-11 14:31:01,snapshot_1761532934.jpg,cell phone,0.467
2025-11-11 14:31:01,snapshot_1761532934.jpg,bottle,0.419
2025-11-11 14:31:02,snapshot_1761532944.jpg,person,0.775
2025-11-11 14:31:02,snapshot_1761532944.jpg,person,0.406
2025-11-11 14:31:02,snapshot_1761532944.jpg,person,0.286
2025-11-11 14:31:02,snapshot_1761532949.jpg,person,0.676
2025-11-11 14:31:02,snapshot_1761532949.jpg,person,0.571
2025-11-11 14:31:02,snapshot_1761532949.jpg,person,0.404
2025-11-11 14:31:02,snapshot_1761532954.jpg,person,0.388
2025-11-11 14:31:02,snapshot_1761532954.jpg,person,0.252
2025-11-11 14:31:02,snapshot_1761532958.jpg,person,0.564
2025-11-11 14:31:02,snapshot_1761532958.jpg,person,0.301
2025-11-11 14:31:02,snapshot_1761532964.jpg,person,0.931
2025-11-11 14:31:02,snapshot_1761532964.jpg,laptop,0.922
2025-11-11 14:31:02,snapshot_1761532964.jpg,cell phone,0.805
2025-11-11 14:31:02,snapshot_1761532964.jpg,person,0.65
2025-11-11 14:31:02,snapshot_1761532964.jpg,bottle,0.563
2025-11-11 14:31:02,snapshot_1761532964.jpg,cell phone,0.563
2025-11-11 14:31:02,snapshot_1761532969.jpg,laptop,0.911
2025-11-11 14:31:02,snapshot_1761532969.jpg,cell phone,0.644
2025-11-11 14:31:02,snapshot_1761532969.jpg,bottle,0.45
2025-11-11 14:31:02,snapshot_1761532969.jpg,cell phone,0.358
2025-11-11 14:31:02,snapshot_1761532974.jpg,person,0.765
2025-11-11 14:31:02,snapshot_1761532974.jpg,book,0.569
2025-11-11 14:31:02,snapshot_1761532974.jpg,book,0.536
2025-11-11 14:31:02,snapshot_1761532974.jpg,book,0.405
2025-11-11 14:31:02,snapshot_1761532974.jpg,book,0.271
2025-11-11 14:31:02,snapshot_1761532974.jpg,book,0.252
2025-11-11 14:31:02,snapshot_1761532979.jpg,laptop,0.859
2025-11-11 14:31:02,snapshot_1761532979.jpg,person,0.584
2025-11-11 14:31:02,snapshot_1761532979.jpg,book,0.43
2025-11-11 14:31:02,snapshot_1761532984.jpg,person,0.865
2025-11-11 14:31:02,snapshot_1761532989.jpg,bed,0.438
2025-11-11 14:31:02,snapshot_1761532989.jpg,person,0.405
2025-11-11 14:31:02,snapshot_1761532989.jpg,bed,0.402
2025-11-11 14:31:02,snapshot_1761532989.jpg,book,0.387
2025-11-11 14:31:02,snapshot_1761535766.jpg,cup,0.704
2025-11-11 14:31:02,snapshot_1761535766.jpg,bed,0.405
2025-11-11 14:31:02,snapshot_1761535770.jpg,laptop,0.943
2025-11-11 14:31:02,snapshot_1761535770.jpg,bottle,0.601
2025-11-11 14:31:02,snapshot_1761535770.jpg,mouse,0.455
2025-11-11 14:31:02,snapshot_1761535770.jpg,laptop,0.44
2025-11-11 14:31:02,snapshot_1761535770.jpg,book,0.43
2025-11-11 14:31:02,snapshot_1761535770.jpg,person,0.298
2025-11-11 14:31:02,snapshot_1761535770.jpg,bed,0.264
2025-11-11 14:31:03,snapshot_1762827695.jpg,cat,0.358
2025-11-11 14:31:03,snapshot_1762827700.jpg,dog,0.56
2025-11-11 14:31:03,snapshot_1762827704.jpg,person,0.595
2025-11-11 14:31:03,snapshot_1762827704.jpg,cat,0.317
2025-11-11 14:31:03,snapshot_1762827705.jpg,dog,0.442
2025-11-11 14:31:03,snapshot_1762827707.jpg,dog,0.41
2025-11-11 14:31:03,snapshot_1762827710.jpg,dog,0.496
2025-11-11 14:31:03,snapshot_1762828086.jpg,keyboard,0.668
2025-11-11 14:31:03,snapshot_1762828086.jpg,book,0.297
2025-11-11 14:31:03,snapshot_1762828093.jpg,keyboard,0.665
2025-11-11 14:31:03,snapshot_1762829056.jpg,person,0.864
2025-11-11 14:31:03,snapshot_1762829056.jpg,keyboard,0.306
2025-11-11 14:31:03,snapshot_1762829060.jpg,person,0.795
2025-11-11 14:31:03,snapshot_1762829060.jpg,person,0.262
2025-11-11 14:31:04,snapshot_1762849026.jpg,person,0.786
2025-11-11 14:31:04,snapshot_1762849026.jpg,tie,0.26
2025-11-11 14:31:04,snapshot_1762849031.jpg,person,0.774
2025-11-11 14:31:04,snapshot_1762849035.jpg,person,0.711
2025-11-11 14:31:04,snapshot_1762849035.jpg,dog,0.638
2025-11-11 14:31:04,snapshot_1762849040.jpg,person,0.364
2025-11-11 14:31:05,snapshot_1762849045.jpg,person,0.617
2025-11-11 14:31:05,snapshot_1762849051.jpg,person,0.733
2025-11-11 14:31:05,snapshot_1762849061.jpg,laptop,0.881
2025-11-11 14:31:05,snapshot_1762849061.jpg,bottle,0.823
2025-11-11 14:31:05,snapshot_1762849066.jpg,laptop,0.744
2025-11-11 14:31:05,snapshot_1762849841.jpg,vase,0.333
2025-11-11 14:31:05,snapshot_1762849845.jpg,bottle,0.871
2025-11-11 14:31:05,snapshot_1762849845.jpg,bottle,0.531
2025-11-11 14:31:05,snapshot_1762849845.jpg,bottle,0.399
2025-11-11 14:32:15,snapshot_1762849932.jpg,bottle,0.859
2025-11-11 14:32:15,snapshot_1762849932.jpg,bottle,0.823
2025-11-11 14:32:15,snapshot_1762849932.jpg,book,0.469
2025-11-11 14:32:15,snapshot_1762849932.jpg,bottle,0.439
2025-11-11 14:32:15,snapshot_1762849932.jpg,laptop,0.275
2025-11-11 14:32:20,snapshot_1762849936.jpg,bottle,0.938
2025-11-11 14:32:20,snapshot_1762849936.jpg,book,0.545
2025-11-11 14:32:25,snapshot_1762849942.jpg,person,0.479
2025-11-11 14:32:25,snapshot_1762849942.jpg,laptop,0.42
2025-11-11 14:32:31,snapshot_1762849946.jpg,person,0.907
2025-11-11 14:32:36,snapshot_1762849952.jpg,person,0.337
2025-11-11 14:32:36,snapshot_1762849952.jpg,person,0.332
2025-11-11 14:32:36,snapshot_1762849952.jpg,person,0.303
2025-11-11 14:32:41,snapshot_1762849956.jpg,suitcase,0.254
2025-11-11 14:32:51,snapshot_1762849966.jpg,person,0.262
2025-11-11 14:32:56,snapshot_1762849972.jpg,person,0.689
2025-11-11 14:32:56,snapshot_1762849972.jpg,dog,0.429
2025-11-11 14:32:56,snapshot_1762849972.jpg,person,0.324
2025-11-11 14:33:01,snapshot_1762849976.jpg,book,0.343
2025-11-11 14:33:06,snapshot_1762849982.jpg,book,0.272
2025-11-11 14:33:41,snapshot_1762850017.jpg,bottle,0.865
2025-11-11 14:33:41,snapshot_1762850017.jpg,laptop,0.765
2025-11-11 14:33:41,snapshot_1762850017.jpg,book,0.28
2025-11-11 14:33:41,snapshot_1762850020.jpg,bottle,0.713
2025-11-11 14:33:41,snapshot_1762850020.jpg,laptop,0.696
2025-11-11 14:33:51,snapshot_1762850027.jpg,bottle,0.893
2025-11-11 14:33:51,snapshot_1762850027.jpg,laptop,0.867
2025-11-11 14:33:51,snapshot_1762850027.jpg,bottle,0.788
2025-11-11 14:33:52,snapshot_1762850031.jpg,laptop,0.895
2025-11-11 14:33:52,snapshot_1762850031.jpg,bottle,0.861
2025-11-11 14:33:52,snapshot_1762850031.jpg,bottle,0.406
2025-11-11 14:33:52,snapshot_1762850031.jpg,book,0.261
2025-11-11 14:35:22,snapshot_1762850117.jpg,bird,0.254
2025-11-11 14:35:32,snapshot_1762850131.jpg,person,0.79
2025-11-11 14:35:37,snapshot_1762850135.jpg,person,0.793
2025-11-11 14:35:37,snapshot_1762850135.jpg,laptop,0.518
2025-11-11 14:35:37,snapshot_1762850135.jpg,chair,0.261
2025-11-11 14:35:42,snapshot_1762850140.jpg,person,0.739
2025-11-11 14:35:47,snapshot_1762850146.jpg,person,0.64
2025-11-11 14:35:47,snapshot_1762850146.jpg,suitcase,0.261
2025-11-11 14:35:52,snapshot_1762850151.jpg,person,0.785
2025-11-11 14:35:52,snapshot_1762850151.jpg,laptop,0.761
2025-11-11 14:35:52,snapshot_1762850151.jpg,person,0.566
2025-11-11 14:35:57,snapshot_1762850155.jpg,person,0.644
2025-11-11 14:35:57,snapshot_1762850155.jpg,person,0.288
2025-11-11 14:35:57,snapshot_1762850155.jpg,person,0.265
2025-11-11 14:36:02,snapshot_1762850161.jpg,person,0.823
2025-11-11 14:36:02,snapshot_1762850161.jpg,laptop,0.706
2025-11-11 14:36:02,snapshot_1762850161.jpg,person,0.356
2025-11-11 14:36:07,snapshot_1762850165.jpg,person,0.82
2025-11-11 14:36:07,snapshot_1762850165.jpg,person,0.489
2025-11-11 14:36:07,snapshot_1762850165.jpg,laptop,0.454
2025-11-11 14:36:12,snapshot_1762850171.jpg,person,0.793
2025-11-12 08:10:35,snapshot_1761532651.jpg,chair,0.649
2025-11-12 08:10:35,snapshot_1761532651.jpg,person,0.274
2025-11-12 08:10:35,snapshot_1761532651.jpg,bottle,0.273
2025-11-12 08:10:35,snapshot_1761532658.jpg,bottle,0.72
2025-11-12 08:10:36,snapshot_1761532668.jpg,laptop,0.93
2025-11-12 08:10:36,snapshot_1761532668.jpg,mouse,0.559
2025-11-12 08:10:36,snapshot_1761532668.jpg,bottle,0.45
2025-11-12 08:10:36,snapshot_1761532668.jpg,person,0.403
2025-11-12 08:10:36,snapshot_1761532673.jpg,bus,0.726
2025-11-12 08:10:36,snapshot_1761532673.jpg,person,0.263
2025-11-12 08:10:37,snapshot_1761532678.jpg,person,0.625
2025-11-12 08:10:37,snapshot_1761532678.jpg,bottle,0.272
2025-11-12 08:10:37,snapshot_1761532678.jpg,chair,0.252
2025-11-12 08:10:37,snapshot_1761532683.jpg,laptop,0.772
2025-11-12 08:10:37,snapshot_1761532683.jpg,cup,0.304
2025-11-12 08:10:37,snapshot_1761532683.jpg,person,0.29
2025-11-12 08:10:37,snapshot_1761532683.jpg,bottle,0.277
2025-11-12 08:10:37,snapshot_1761532683.jpg,person,0.275
2025-11-12 08:10:37,snapshot_1761532683.jpg,tv,0.273
2025-11-12 08:10:37,snapshot_1761532683.jpg,bed,0.263
2025-11-12 08:10:38,snapshot_1761532693.jpg,laptop,0.919
2025-11-12 08:10:38,snapshot_1761532693.jpg,person,0.836
2025-11-12 08:10:38,snapshot_1761532693.jpg,mouse,0.661
2025-11-12 08:10:38,snapshot_1761532693.jpg,person,0.314
2025-11-12 08:10:38,snapshot_1761532693.jpg,book,0.303
2025-11-12 08:10:38,snapshot_1761532698.jpg,chair,0.552
2025-11-12 08:10:38,snapshot_1761532698.jpg,person,0.458
2025-11-12 08:10:38,snapshot_1761532698.jpg,remote,0.304
2025-11-12 08:10:38,snapshot_1761532698.jpg,keyboard,0.283
2025-11-12 08:10:38,snapshot_1761532703.jpg,fork,0.344
2025-11-12 08:10:39,snapshot_1761532708.jpg,laptop,0.88
2025-11-12 08:10:39,snapshot_1761532708.jpg,person,0.741
2025-11-12 08:10:39,snapshot_1761532708.jpg,mouse,0.359
2025-11-12 08:10:40,snapshot_1761532713.jpg,book,0.657
2025-11-12 08:10:40,snapshot_1761532713.jpg,suitcase,0.295
2025-11-12 08:10:40,snapshot_1761532718.jpg,person,0.855
2025-11-12 08:10:40,snapshot_1761532718.jpg,chair,0.697
2025-11-12 08:10:40,snapshot_1761532718.jpg,chair,0.567
2025-11-12 08:10:40,snapshot_1761532718.jpg,bottle,0.456
2025-11-12 08:10:40,snapshot_1761532718.jpg,laptop,0.439
2025-11-12 08:10:40,snapshot_1761532718.jpg,person,0.403
2025-11-12 08:10:40,snapshot_1761532718.jpg,tv,0.395
2025-11-12 08:10:40,snapshot_1761532718.jpg,tv,0.321
2025-11-12 08:10:40,snapshot_1761532718.jpg,laptop,0.296
2025-11-12 08:10:40,snapshot_1761532718.jpg,chair,0.296
2025-11-12 08:10:40,snapshot_1761532718.jpg,chair,0.294
2025-11-12 08:10:40,snapshot_1761532718.jpg,bottle,0.267
2025-11-12 08:10:40,snapshot_1761532718.jpg,chair,0.262
2025-11-12 08:10:40,snapshot_1761532723.jpg,person,0.778
2025-11-12 08:10:40,snapshot_1761532723.jpg,chair,0.59
2025-11-12 08:10:40,snapshot_1761532723.jpg,cup,0.588
2025-11-12 08:10:40,snapshot_1761532723.jpg,person,0.555
2025-11-12 08:10:40,snapshot_1761532723.jpg,chair,0.485
2025-11-12 08:10:40,snapshot_1761532723.jpg,person,0.435
2025-11-12 08:10:40,snapshot_1761532723.jpg,cup,0.399
2025-11-12 08:10:40,snapshot_1761532723.jpg,chair,0.309
2025-11-12 08:10:40,snapshot_1761532723.jpg,tv,0.28
2025-11-12 08:10:40,snapshot_1761532723.jpg,chair,0.26
2025-11-12 08:10:40,snapshot_1761532917.jpg,laptop,0.956
2025-11-12 08:10:40,snapshot_1761532917.jpg,cell phone,0.626
2025-11-12 08:10:40,snapshot_1761532917.jpg,person,0.608
2025-11-12 08:10:40,snapshot_1761532917.jpg,person,0.546
2025-11-12 08:10:40,snapshot_1761532917.jpg,cell phone,0.477
2025-11-12 08:10:40,snapshot_1761532917.jpg,bottle,0.355
2025-11-12 08:10:41,snapshot_1761532919.jpg,laptop,0.94
2025-11-12 08:10:41,snapshot_1761532919.jpg,person,0.78
2025-11-12 08:10:41,snapshot_1761532919.jpg,cell phone,0.748
2025-11-12 08:10:41,snapshot_1761532919.jpg,cell phone,0.686
2025-11-12 08:10:41,snapshot_1761532919.jpg,bottle,0.33
2025-11-12 08:10:41,snapshot_1761532934.jpg,laptop,0.867
2025-11-12 08:10:41,snapshot_1761532934.jpg,person,0.683
2025-11-12 08:10:41,snapshot_1761532934.jpg,cell phone,0.467
2025-11-12 08:10:41,snapshot_1761532934.jpg,bottle,0.419
2025-11-12 08:10:41,snapshot_1761532944.jpg,person,0.775
2025-11-12 08:10:41,snapshot_1761532944.jpg,person,0.406
2025-11-12 08:10:41,snapshot_1761532944.jpg,person,0.286
2025-11-12 08:10:41,snapshot_1761532949.jpg,person,0.676
2025-11-12 08:10:41,snapshot_1761532949.jpg,person,0.571
2025-11-12 08:10:41,snapshot_1761532949.jpg,person,0.404
2025-11-12 08:10:41,snapshot_1761532954.jpg,person,0.388
2025-11-12 08:10:41,snapshot_1761532954.jpg,person,0.252
2025-11-12 08:10:41,snapshot_1761532958.jpg,person,0.564
2025-11-12 08:10:41,snapshot_1761532958.jpg,person,0.301
2025-11-12 08:10:42,snapshot_1761532964.jpg,person,0.931
2025-11-12 08:10:42,snapshot_1761532964.jpg,laptop,0.922
2025-11-12 08:10:42,snapshot_1761532964.jpg,cell phone,0.805
2025-11-12 08:10:42,snapshot_1761532964.jpg,person,0.65
2025-11-12 08:10:42,snapshot_1761532964.jpg,bottle,0.563
2025-11-12 08:10:42,snapshot_1761532964.jpg,cell phone,0.563
2025-11-12 08:10:42,snapshot_1761532969.jpg,laptop,0.911
2025-11-12 08:10:42,snapshot_1761532969.jpg,cell phone,0.644
2025-11-12 08:10:42,snapshot_1761532969.jpg,bottle,0.45
2025-11-12 08:10:42,snapshot_1761532969.jpg,cell phone,0.358
2025-11-12 08:10:42,snapshot_1761532974.jpg,person,0.765
2025-11-12 08:10:42,snapshot_1761532974.jpg,book,0.569
2025-11-12 08:10:42,snapshot_1761532974.jpg,book,0.536
2025-11-12 08:10:42,snapshot_1761532974.jpg,book,0.405
2025-11-12 08:10:42,snapshot_1761532974.jpg,book,0.271
2025-11-12 08:10:42,snapshot_1761532974.jpg,book,0.252
2025-11-12 08:10:42,snapshot_1761532979.jpg,laptop,0.859
2025-11-12 08:10:42,snapshot_1761532979.jpg,person,0.584
2025-11-12 08:10:42,snapshot_1761532979.jpg,book,0.43
2025-11-12 08:10:42,snapshot_1761532984.jpg,person,0.865
2025-11-12 08:10:42,snapshot_1761532989.jpg,bed,0.438
2025-11-12 08:10:42,snapshot_1761532989.jpg,person,0.405
2025-11-12 08:10:42,snapshot_1761532989.jpg,bed,0.402
2025-11-12 08:10:42,snapshot_1761532989.jpg,book,0.387
2025-11-12 08:10:43,snapshot_1761535766.jpg,cup,0.704
2025-11-12 08:10:43,snapshot_1761535766.jpg,bed,0.405
2025-11-12 08:10:43,snapshot_1761535770.jpg,laptop,0.943
2025-11-12 08:10:43,snapshot_1761535770.jpg,bottle,0.601
2025-11-12 08:10:43,snapshot_1761535770.jpg,mouse,0.455
2025-11-12 08:10:43,snapshot_1761535770.jpg,laptop,0.44
2025-11-12 08:10:43,snapshot_1761535770.jpg,book,0.43
2025-11-12 08:10:43,snapshot_1761535770.jpg,person,0.298
2025-11-12 08:10:43,snapshot_1761535770.jpg,bed,0.264
2025-11-12 08:10:43,snapshot_1762827695.jpg,cat,0.358
2025-11-12 08:10:44,snapshot_1762827700.jpg,dog,0.56
2025-11-12 08:10:44,snapshot_1762827704.jpg,person,0.595
2025-11-12 08:10:44,snapshot_1762827704.jpg,cat,0.317
2025-11-12 08:10:44,snapshot_1762827705.jpg,dog,0.442
2025-11-12 08:10:44,snapshot_1762827707.jpg,dog,0.41
2025-11-12 08:10:44,snapshot_1762827710.jpg,dog,0.496
2025-11-12 08:10:44,snapshot_1762828086.jpg,keyboard,0.668
2025-11-12 08:10:44,snapshot_1762828086.jpg,book,0.297
2025-11-12 08:10:45,snapshot_1762828093.jpg,keyboard,0.665
2025-11-12 08:10:45,snapshot_1762829056.jpg,person,0.864
2025-11-12 08:10:45,snapshot_1762829056.jpg,keyboard,0.306
2025-11-12 08:10:45,snapshot_1762829060.jpg,person,0.795
2025-11-12 08:10:45,snapshot_1762829060.jpg,person,0.262
2025-11-12 08:10:46,snapshot_1762849026.jpg,person,0.786
2025-11-12 08:10:46,snapshot_1762849026.jpg,tie,0.26
2025-11-12 08:10:46,snapshot_1762849031.jpg,person,0.774
2025-11-12 08:10:46,snapshot_1762849035.jpg,person,0.711
2025-11-12 08:10:46,snapshot_1762849035.jpg,dog,0.638
2025-11-12 08:10:46,snapshot_1762849040.jpg,person,0.364
2025-11-12 08:10:47,snapshot_1762849045.jpg,person,0.617
2025-11-12 08:10:47,snapshot_1762849051.jpg,person,0.733
2025-11-12 08:10:47,snapshot_1762849061.jpg,laptop,0.881
2025-11-12 08:10:47,snapshot_1762849061.jpg,bottle,0.823
2025-11-12 08:10:47,snapshot_1762849066.jpg,laptop,0.744
2025-11-12 08:10:47,snapshot_1762849841.jpg,vase,0.333
2025-11-12 08:10:47,snapshot_1762849845.jpg,bottle,0.871
2025-11-12 08:10:47,snapshot_1762849845.jpg,bottle,0.531
2025-11-12 08:10:47,snapshot_1762849845.jpg,bottle,0.399
2025-11-12 08:10:47,snapshot_1762849932.jpg,bottle,0.859
2025-11-12 08:10:47,snapshot_1762849932.jpg,bottle,0.823
2025-11-12 08:10:47,snapshot_1762849932.jpg,book,0.469
2025-11-12 08:10:47,snapshot_1762849932.jpg,bottle,0.439
2025-11-12 08:10:47,snapshot_1762849932.jpg,laptop,0.275
2025-11-12 08:10:47,snapshot_1762849936.jpg,bottle,0.938
2025-11-12 08:10:47,snapshot_1762849936.jpg,book,0.545
2025-11-12 08:10:48,snapshot_1762849942.jpg,person,0.479
2025-11-12 08:10:48,snapshot_1762849942.jpg,laptop,0.42
2025-11-12 08:10:48,snapshot_1762849946.jpg,person,0.907
2025-11-12 08:10:48,snapshot_1762849952.jpg,person,0.337
2025-11-12 08:10:48,snapshot_1762849952.jpg,person,0.332
2025-11-12 08:10:48,snapshot_1762849952.jpg,person,0.303
2025-11-12 08:10:48,snapshot_1762849956.jpg,suitcase,0.254
2025-11-12 08:10:48,snapshot_1762849966.jpg,person,0.262
2025-11-12 08:10:48,snapshot_1762849972.jpg,person,0.689
2025-11-12 08:10:48,snapshot_1762849972.jpg,dog,0.429
2025-11-12 08:10:48,snapshot_1762849972.jpg,person,0.324
2025-11-12 08:10:49,snapshot_1762849976.jpg,book,0.343
2025-11-12 08:10:49,snapshot_1762849982.jpg,book,0.272
2025-11-12 08:10:49,snapshot_1762850017.jpg,bottle,0.865
2025-11-12 08:10:49,snapshot_1762850017.jpg,laptop,0.765
2025-11-12 08:10:49,snapshot_1762850017.jpg,book,0.28
2025-11-12 08:10:49,snapshot_1762850020.jpg,bottle,0.713
2025-11-12 08:10:49,snapshot_1762850020.jpg,laptop,0.696
2025-11-12 08:10:49,snapshot_1762850027.jpg,bottle,0.893
2025-11-12 08:10:49,snapshot_1762850027.jpg,laptop,0.867
2025-11-12 08:10:49,snapshot_1762850027.jpg,bottle,0.788
2025-11-12 08:10:49,snapshot_1762850031.jpg,laptop,0.895
2025-11-12 08:10:49,snapshot_1762850031.jpg,bottle,0.861
2025-11-12 08:10:49,snapshot_1762850031.jpg,bottle,0.406
2025-11-12 08:10:49,snapshot_1762850031.jpg,book,0.261
2025-11-12 08:10:49,snapshot_1762850117.jpg,bird,0.254
2025-11-12 08:10:50,snapshot_1762850131.jpg,person,0.79
2025-11-12 08:10:50,snapshot_1762850135.jpg,person,0.793
2025-11-12 08:10:50,snapshot_1762850135.jpg,laptop,0.518
2025-11-12 08:10:50,snapshot_1762850135.jpg,chair,0.261
2025-11-12 08:10:50,snapshot_1762850140.jpg,person,0.739
2025-11-12 08:10:50,snapshot_1762850146.jpg,person,0.64
2025-11-12 08:10:50,snapshot_1762850146.jpg,suitcase,0.261
2025-11-12 08:10:50,snapshot_1762850151.jpg,person,0.785
2025-11-12 08:10:50,snapshot_1762850151.jpg,laptop,0.761
2025-11-12 08:10:50,snapshot_1762850151.jpg,person,0.566
2025-11-12 08:10:50,snapshot_1762850155.jpg,person,0.644
2025-11-12 08:10:50,snapshot_1762850155.jpg,person,0.288
2025-11-12 08:10:50,snapshot_1762850155.jpg,person,0.265
2025-11-12 08:10:50,snapshot_1762850161.jpg,person,0.823
2025-11-12 08:10:50,snapshot_1762850161.jpg,laptop,0.706
2025-11-12 08:10:50,snapshot_1762850161.jpg,person,0.356
2025-11-12 08:10:51,snapshot_1762850165.jpg,person,0.82
2025-11-12 08:10:51,snapshot_1762850165.jpg,person,0.489
2025-11-12 08:10:51,snapshot_1762850165.jpg,laptop,0.454
2025-11-12 08:10:51,snapshot_1762850171.jpg,person,0.793
2025-11-12 08:11:03,snapshot_1762913366.jpg,bottle,0.941
2025-11-12 08:11:03,snapshot_1762913366.jpg,bottle,0.882
2025-11-12 08:11:03,snapshot_1762913366.jpg,bottle,0.81
2025-11-12 08:11:03,snapshot_1762913366.jpg,bottle,0.783
2025-11-12 08:11:03,snapshot_1762913366.jpg,bottle,0.358
2025-11-12 08:11:06,snapshot_1762913371.jpg,bottle,0.893
2025-11-12 08:11:06,snapshot_1762913371.jpg,bottle,0.844
2025-11-12 08:11:06,snapshot_1762913371.jpg,bottle,0.758
2025-11-12 08:11:06,snapshot_1762913371.jpg,bottle,0.722
2025-11-12 08:11:06,snapshot_1762913371.jpg,bottle,0.579
2025-11-12 08:11:06,snapshot_1762913371.jpg,book,0.46
2025-11-12 08:11:06,snapshot_1762913371.jpg,bottle,0.292
2025-11-12 08:11:06,snapshot_1762913371.jpg,bottle,0.251
2025-11-12 08:12:12,snapshot_1762913527.jpg,laptop,0.914
2025-11-12 08:12:12,snapshot_1762913527.jpg,person,0.744
2025-11-12 08:12:12,snapshot_1762913527.jpg,bottle,0.517
2025-11-12 08:19:55,snapshot_1762913994.jpg,laptop,0.906
2025-11-12 08:19:55,snapshot_1762913994.jpg,person,0.789
2025-11-12 08:19:55,snapshot_1762913994.jpg,bottle,0.412
2025-11-12 08:20:50,snapshot_1762914047.jpg,person,0.75
2025-11-12 08:21:11,snapshot_1762914067.jpg,laptop,0.387
2025-11-12 08:21:11,snapshot_1762914067.jpg,laptop,0.377
2025-11-12 08:27:56,snapshot_1762914474.jpg,bottle,0.924
2025-11-12 08:27:56,snapshot_1762914474.jpg,bottle,0.785
2025-11-12 08:27:56,snapshot_1762914474.jpg,bottle,0.616
2025-11-12 08:27:56,snapshot_1762914474.jpg,laptop,0.461
2025-11-12 08:27:56,snapshot_1762914474.jpg,bottle,0.432
2025-11-12 08:27:56,snapshot_1762914474.jpg,book,0.423
2025-11-12 08:27:56,snapshot_1762914474.jpg,bottle,0.348
2025-11-12 08:27:56,snapshot_1762914474.jpg,tv,0.329
2025-11-12 08:27:56,snapshot_1762914474.jpg,bottle,0.272
2025-11-12 08:28:01,snapshot_1762914480.jpg,laptop,0.951
2025-11-12 08:28:01,snapshot_1762914480.jpg,bottle,0.913
2025-11-12 08:28:01,snapshot_1762914480.jpg,bottle,0.838
2025-11-12 08:28:01,snapshot_1762914480.jpg,book,0.653
2025-11-12 08:28:01,snapshot_1762914480.jpg,bottle,0.511
2025-11-12 08:28:01,snapshot_1762914480.jpg,bottle,0.462
2025-11-12 08:28:01,snapshot_1762914480.jpg,bottle,0.26
2025-11-12 08:28:16,snapshot_1762914495.jpg,person,0.47
2025-11-12 08:28:26,snapshot_1762914501.jpg,person,0.618
2025-11-12 08:28:26,snapshot_1762914505.jpg,person,0.771
2025-11-12 08:28:31,snapshot_1762914509.jpg,person,0.394
2025-11-12 08:28:31,snapshot_1762914509.jpg,laptop,0.328
2025-11-12 08:28:36,snapshot_1762914515.jpg,scissors,0.276
2025-11-12 08:28:41,snapshot_1762914519.jpg,person,0.33
2025-11-12 08:28:41,snapshot_1762914519.jpg,scissors,0.288
2025-11-12 08:28:46,snapshot_1762914525.jpg,car,0.295
2025-11-12 08:29:57,snapshot_1762914595.jpg,bottle,0.769
2025-11-12 08:29:57,snapshot_1762914595.jpg,laptop,0.751
2025-11-12 08:29:57,snapshot_1762914595.jpg,person,0.602
2025-11-12 08:29:57,snapshot_1762914595.jpg,person,0.467
2025-11-12 08:29:57,snapshot_1762914595.jpg,person,0.333
2025-11-12 08:29:57,snapshot_1762914595.jpg,person,0.289
2025-11-12 08:30:17,snapshot_1762914612.jpg,person,0.736
2025-11-12 08:30:17,snapshot_1762914612.jpg,cup,0.647
2025-11-12 08:30:17,snapshot_1762914612.jpg,laptop,0.351
2025-11-12 08:30:27,snapshot_1762914623.jpg,cup,0.791
2025-11-12 08:30:32,snapshot_1762914627.jpg,person,0.759
2025-11-12 08:30:32,snapshot_1762914627.jpg,cup,0.448
2025-11-12 08:30:32,snapshot_1762914627.jpg,cup,0.364
2025-11-12 08:30:32,snapshot_1762914627.jpg,tv,0.35
2025-11-12 08:30:32,snapshot_1762914627.jpg,laptop,0.26
2025-11-12 08:30:32,snapshot_1762914632.jpg,person,0.686
2025-11-12 08:30:32,snapshot_1762914632.jpg,tv,0.307
2025-11-12 08:30:37,snapshot_1762914637.jpg,cup,0.66
2025-11-12 08:30:37,snapshot_1762914637.jpg,person,0.646
2025-11-12 08:30:37,snapshot_1762914637.jpg,laptop,0.527
2025-11-12 08:30:43,snapshot_1762914642.jpg,person,0.652
2025-11-12 08:30:43,snapshot_1762914642.jpg,laptop,0.458
2025-11-12 08:30:43,snapshot_1762914642.jpg,cup,0.253
2025-11-12 08:30:48,snapshot_1762914647.jpg,person,0.678
2025-11-12 08:30:48,snapshot_1762914647.jpg,cup,0.651
2025-11-12 08:30:48,snapshot_1762914647.jpg,tv,0.305
2025-11-12 08:30:58,snapshot_1762914657.jpg,suitcase,0.366
2025-11-12 08:31:03,snapshot_1762914662.jpg,suitcase,0.556
2025-11-12 08:31:08,snapshot_1762914667.jpg,person,0.284
2025-11-12 09:18:00,snapshot_1762917478.jpg,person,0.43
2025-11-12 09:18:45,snapshot_1762917524.jpg,clock,0.414
2025-11-12 09:18:50,snapshot_1762917530.jpg,clock,0.375
2025-11-12 09:19:00,snapshot_1762917539.jpg,clock,0.732
2025-11-12 09:19:00,snapshot_1762917539.jpg,fire hydrant,0.251
2025-11-12 09:19:15,snapshot_1762917554.jpg,person,0.255
2025-11-12 09:19:15,snapshot_1762917554.jpg,person,0.252
2025-11-12 09:19:31,snapshot_1762917569.jpg,person,0.354
2025-11-12 09:20:01,snapshot_1762917597.jpg,person,0.303
2025-11-12 10:19:37,snapshot_1762921173.jpg,person,0.844
2025-11-12 10:19:37,snapshot_1762921173.jpg,laptop,0.304
2025-11-12 10:19:43,snapshot_1762921178.jpg,person,0.811
2025-11-12 10:19:43,snapshot_1762921178.jpg,person,0.32
2025-11-12 10:19:49,snapshot_1762921183.jpg,person,0.871
2025-11-12 10:19:49,snapshot_1762921183.jpg,laptop,0.426
2025-11-12 10:19:54,snapshot_1762921188.jpg,person,0.831
2025-11-12 10:19:54,snapshot_1762921188.jpg,laptop,0.707
2025-11-12 10:19:54,snapshot_1762921188.jpg,person,0.459
2025-11-12 10:19:54,snapshot_1762921193.jpg,person,0.744
2025-11-12 10:19:54,snapshot_1762921193.jpg,person,0.734
2025-11-12 10:19:54,snapshot_1762921193.jpg,laptop,0.609
2025-11-12 10:19:54,snapshot_1762921193.jpg,laptop,0.286
2025-11-12 10:19:54,snapshot_1762921193.jpg,remote,0.274
2025-11-12 10:20:01,snapshot_1762921198.jpg,person,0.851
2025-11-12 10:20:01,snapshot_1762921198.jpg,laptop,0.606
2025-11-12 10:20:01,snapshot_1762921198.jpg,mouse,0.529
2025-11-12 10:20:06,snapshot_1762921203.jpg,person,0.888
2025-11-12 10:20:06,snapshot_1762921203.jpg,laptop,0.846
2025-11-12 10:20:06,snapshot_1762921203.jpg,mouse,0.506
2025-11-12 10:20:06,snapshot_1762921203.jpg,remote,0.286
2025-11-12 10:20:12,snapshot_1762921208.jpg,person,0.909
2025-11-12 10:20:12,snapshot_1762921208.jpg,laptop,0.879
2025-11-12 10:20:12,snapshot_1762921208.jpg,mouse,0.293
2025-11-12 10:20:17,snapshot_1762921213.jpg,person,0.886
2025-11-12 10:20:17,snapshot_1762921213.jpg,laptop,0.549
2025-11-12 10:20:17,snapshot_1762921213.jpg,mouse,0.395
2025-11-12 10:20:17,snapshot_1762921213.jpg,bottle,0.299
2025-11-12 10:20:22,snapshot_1762921218.jpg,bottle,0.895
2025-11-12 10:20:22,snapshot_1762921218.jpg,bottle,0.872
2025-11-12 10:20:22,snapshot_1762921218.jpg,bottle,0.766
2025-11-12 10:20:22,snapshot_1762921218.jpg,bottle,0.756
2025-11-12 10:20:22,snapshot_1762921218.jpg,bottle,0.647
2025-11-12 10:20:22,snapshot_1762921218.jpg,bottle,0.516
2025-11-12 10:20:22,snapshot_1762921218.jpg,refrigerator,0.361
2025-11-12 10:20:27,snapshot_1762921223.jpg,bottle,0.9
2025-11-12 10:20:27,snapshot_1762921223.jpg,bottle,0.807
2025-11-12 10:20:27,snapshot_1762921223.jpg,bottle,0.755
2025-11-12 10:20:27,snapshot_1762921223.jpg,bottle,0.505
2025-11-12 10:20:27,snapshot_1762921223.jpg,bottle,0.48
2025-11-12 10:20:27,snapshot_1762921223.jpg,refrigerator,0.337
2025-11-12 10:20:27,snapshot_1762921223.jpg,bottle,0.31
2025-11-12 10:20:33,snapshot_1762921228.jpg,bottle,0.878
2025-11-12 10:20:33,snapshot_1762921228.jpg,bottle,0.859
2025-11-12 10:20:33,snapshot_1762921228.jpg,bottle,0.783
2025-11-12 10:20:33,snapshot_1762921228.jpg,bottle,0.764
2025-11-12 10:20:33,snapshot_1762921228.jpg,bottle,0.659
2025-11-12 10:20:33,snapshot_1762921228.jpg,bottle,0.414
2025-11-12 10:20:33,snapshot_1762921228.jpg,refrigerator,0.323
2025-11-12 10:20:33,snapshot_1762921228.jpg,book,0.285
2025-11-12 10:20:38,snapshot_1762921233.jpg,laptop,0.879
2025-11-12 10:20:38,snapshot_1762921233.jpg,bottle,0.795
2025-11-12 10:20:38,snapshot_1762921233.jpg,bed,0.377
2025-11-12 10:20:38,snapshot_1762921233.jpg,bottle,0.349
2025-11-12 10:20:43,snapshot_1762921238.jpg,bottle,0.817
2025-11-12 10:20:43,snapshot_1762921238.jpg,laptop,0.788
2025-11-12 10:20:48,snapshot_1762921243.jpg,bottle,0.819
2025-11-12 10:20:48,snapshot_1762921243.jpg,laptop,0.794
2025-11-12 10:20:48,snapshot_1762921243.jpg,bottle,0.578
2025-11-12 10:20:48,snapshot_1762921243.jpg,mouse,0.415
2025-11-12 10:20:53,snapshot_1762921248.jpg,laptop,0.949
2025-11-12 10:20:53,snapshot_1762921248.jpg,bottle,0.737
2025-11-12 10:20:53,snapshot_1762921248.jpg,bottle,0.536
2025-11-12 10:20:58,snapshot_1762921253.jpg,laptop,0.819
2025-11-12 10:20:58,snapshot_1762921253.jpg,bottle,0.712
2025-11-12 10:20:58,snapshot_1762921253.jpg,bottle,0.396
2025-11-12 10:20:58,snapshot_1762921253.jpg,bottle,0.368
2025-11-12 10:20:58,snapshot_1762921253.jpg,bottle,0.362
2025-11-12 10:20:58,snapshot_1762921253.jpg,book,0.298
2025-11-12 10:21:03,snapshot_1762921258.jpg,laptop,0.839
2025-11-12 10:21:03,snapshot_1762921258.jpg,bottle,0.725
2025-11-12 10:21:03,snapshot_1762921258.jpg,bottle,0.574
2025-11-12 10:21:03,snapshot_1762921258.jpg,bottle,0.546
2025-11-12 10:21:03,snapshot_1762921258.jpg,cell phone,0.483
2025-11-12 10:21:03,snapshot_1762921258.jpg,bottle,0.396
2025-11-12 10:21:03,snapshot_1762921258.jpg,remote,0.31
2025-11-12 10:21:03,snapshot_1762921258.jpg,book,0.285
2025-11-12 10:21:03,snapshot_1762921258.jpg,person,0.282
2025-11-12 10:21:03,snapshot_1762921258.jpg,book,0.278
2025-11-12 10:21:03,snapshot_1762921258.jpg,bottle,0.276
2025-11-12 10:21:03,snapshot_1762921258.jpg,person,0.272
2025-11-12 10:21:58,snapshot_1762921314.jpg,bottle,0.88
2025-11-12 10:21:58,snapshot_1762921314.jpg,laptop,0.686
2025-11-12 10:21:58,snapshot_1762921314.jpg,car,0.575
2025-11-12 10:21:58,snapshot_1762921314.jpg,bottle,0.517
2025-11-12 10:21:58,snapshot_1762921314.jpg,bottle,0.377
2025-11-12 10:22:03,snapshot_1762921318.jpg,laptop,0.873
2025-11-12 10:22:03,snapshot_1762921318.jpg,bottle,0.764
2025-11-12 10:22:03,snapshot_1762921318.jpg,bottle,0.64
2025-11-12 10:22:03,snapshot_1762921318.jpg,bottle,0.542
2025-11-12 10:22:03,snapshot_1762921318.jpg,bottle,0.447
2025-11-12 10:22:03,snapshot_1762921318.jpg,bottle,0.418
2025-11-12 10:22:03,snapshot_1762921318.jpg,book,0.267
2025-11-12 10:22:03,snapshot_1762921318.jpg,bottle,0.252
2025-11-12 10:22:04,snapshot_1762921323.jpg,laptop,0.88
2025-11-12 10:22:04,snapshot_1762921323.jpg,bottle,0.679
2025-11-12 10:22:04,snapshot_1762921323.jpg,bottle,0.327
2025-11-12 10:22:04,snapshot_1762921323.jpg,bottle,0.286
2025-11-12 10:28:45,snapshot_1762921724.jpg,laptop,0.596
2025-11-12 10:28:45,snapshot_1762921724.jpg,bottle,0.441
2025-11-12 10:28:45,snapshot_1762921724.jpg,bottle,0.401
2025-11-12 10:28:45,snapshot_1762921724.jpg,bottle,0.366
2025-11-12 10:28:45,snapshot_1762921724.jpg,bottle,0.285
2025-11-12 10:28:45,snapshot_1762921724.jpg,bottle,0.274
2025-11-12 10:28:45,snapshot_1762921724.jpg,bottle,0.267
2025-11-12 10:28:50,snapshot_1762921729.jpg,laptop,0.928
2025-11-12 10:28:50,snapshot_1762921729.jpg,bottle,0.882
2025-11-12 10:28:50,snapshot_1762921729.jpg,bottle,0.745
2025-11-12 10:28:50,snapshot_1762921729.jpg,bottle,0.572
2025-11-12 10:28:50,snapshot_1762921729.jpg,cell phone,0.476
2025-11-12 10:28:50,snapshot_1762921729.jpg,bottle,0.432
2025-11-12 10:28:50,snapshot_1762921729.jpg,bottle,0.305
2025-11-12 10:28:50,snapshot_1762921729.jpg,bottle,0.286
2025-11-12 10:28:55,snapshot_1762921734.jpg,bottle,0.796
2025-11-12 10:28:55,snapshot_1762921734.jpg,laptop,0.548
2025-11-12 10:28:55,snapshot_1762921734.jpg,cell phone,0.516
2025-11-12 10:28:55,snapshot_1762921734.jpg,keyboard,0.332
2025-11-12 10:28:55,snapshot_1762921734.jpg,mouse,0.307
2025-11-12 10:28:55,snapshot_1762921734.jpg,mouse,0.268
2025-11-12 10:28:55,snapshot_1762921734.jpg,bottle,0.251
2025-11-12 10:29:00,snapshot_1762921739.jpg,person,0.26
2025-11-12 10:29:05,snapshot_1762921744.jpg,bottle,0.66
2025-11-12 10:29:10,snapshot_1762921749.jpg,bottle,0.815
2025-11-12 10:29:10,snapshot_1762921749.jpg,bottle,0.423
2025-11-12 10:29:10,snapshot_1762921749.jpg,bed,0.337
2025-11-12 10:29:15,snapshot_1762921754.jpg,bottle,0.775
2025-11-12 10:29:15,snapshot_1762921754.jpg,bottle,0.361
2025-11-12 10:29:20,snapshot_1762921759.jpg,bottle,0.823
2025-11-12 10:29:20,snapshot_1762921759.jpg,bottle,0.417
2025-11-12 10:29:20,snapshot_1762921759.jpg,bed,0.36
2025-11-12 10:29:26,snapshot_1762921764.jpg,bottle,0.837
2025-11-12 10:29:26,snapshot_1762921764.jpg,laptop,0.459
2025-11-12 10:29:26,snapshot_1762921764.jpg,bottle,0.417
2025-11-12 10:29:26,snapshot_1762921764.jpg,bed,0.376
2025-11-12 10:29:31,snapshot_1762921769.jpg,bottle,0.885
2025-11-12 10:29:31,snapshot_1762921769.jpg,bottle,0.64
2025-11-12 10:29:31,snapshot_1762921769.jpg,bed,0.259
2025-11-12 10:29:36,snapshot_1762921774.jpg,bottle,0.832
2025-11-12 10:29:36,snapshot_1762921774.jpg,bottle,0.689
2025-11-12 10:29:36,snapshot_1762921774.jpg,bed,0.267
2025-11-12 10:29:41,snapshot_1762921779.jpg,bottle,0.736
2025-11-12 10:29:41,snapshot_1762921779.jpg,bottle,0.498
2025-11-12 10:29:46,snapshot_1762921784.jpg,bottle,0.836
2025-11-12 10:29:46,snapshot_1762921784.jpg,bottle,0.601
2025-11-12 10:29:51,snapshot_1762921789.jpg,bottle,0.856
2025-11-12 10:29:51,snapshot_1762921789.jpg,bottle,0.424
2025-11-12 10:29:56,snapshot_1762921794.jpg,bottle,0.699
2025-11-12 10:29:56,snapshot_1762921794.jpg,bottle,0.582
2025-11-12 10:29:56,snapshot_1762921794.jpg,laptop,0.349
2025-11-12 10:30:02,snapshot_1762921799.jpg,bottle,0.65
2025-11-12 10:30:02,snapshot_1762921799.jpg,bed,0.275
2025-11-12 10:30:02,snapshot_1762921799.jpg,bottle,0.256
2025-11-12 10:30:07,snapshot_1762921804.jpg,bottle,0.728
2025-11-12 10:30:07,snapshot_1762921804.jpg,bottle,0.456
2025-11-12 10:30:07,snapshot_1762921804.jpg,bed,0.272
2025-11-12 10:30:07,snapshot_1762921804.jpg,laptop,0.271
2025-11-12 10:30:12,snapshot_1762921809.jpg,bottle,0.78
2025-11-12 10:30:12,snapshot_1762921809.jpg,bottle,0.498
2025-11-12 10:30:12,snapshot_1762921809.jpg,bed,0.39
2025-11-12 10:30:12,snapshot_1762921809.jpg,laptop,0.281
2025-11-12 10:30:17,snapshot_1762921814.jpg,bottle,0.81
2025-11-12 10:30:17,snapshot_1762921814.jpg,bottle,0.491
2025-11-12 10:30:17,snapshot_1762921814.jpg,bed,0.349
2025-11-12 10:30:17,snapshot_1762921814.jpg,laptop,0.253
2025-11-12 10:30:22,snapshot_1762921819.jpg,bottle,0.751
2025-11-12 10:30:22,snapshot_1762921819.jpg,bottle,0.42
2025-11-12 10:30:22,snapshot_1762921819.jpg,bed,0.299
2025-11-12 10:30:27,snapshot_1762921825.jpg,bottle,0.664
2025-11-12 10:30:27,snapshot_1762921825.jpg,bottle,0.317
2025-11-12 10:30:27,snapshot_1762921825.jpg,bed,0.294
2025-11-12 10:30:32,snapshot_1762921829.jpg,bottle,0.856
2025-11-12 10:30:32,snapshot_1762921829.jpg,bottle,0.595
2025-11-12 10:30:32,snapshot_1762921829.jpg,laptop,0.275
2025-11-12 10:30:32,snapshot_1762921829.jpg,bed,0.273
2025-11-12 10:30:38,snapshot_1762921834.jpg,bottle,0.808
2025-11-12 10:30:38,snapshot_1762921834.jpg,bottle,0.453
2025-11-12 10:30:38,snapshot_1762921834.jpg,bed,0.308
2025-11-12 10:30:43,snapshot_1762921839.jpg,bottle,0.707
2025-11-12 10:30:43,snapshot_1762921839.jpg,bed,0.363
2025-11-12 10:30:58,snapshot_1762921857.jpg,bottle,0.78
2025-11-12 10:30:58,snapshot_1762921857.jpg,bottle,0.493
2025-11-12 10:31:58,snapshot_1762921915.jpg,bottle,0.727
2025-11-12 10:31:58,snapshot_1762921915.jpg,bottle,0.407
2025-11-12 10:31:58,snapshot_1762921915.jpg,laptop,0.298
2025-11-12 10:32:03,snapshot_1762921919.jpg,bottle,0.834
2025-11-12 10:32:03,snapshot_1762921919.jpg,laptop,0.607
2025-11-12 10:32:03,snapshot_1762921919.jpg,bottle,0.604
2025-11-12 10:32:08,snapshot_1762921924.jpg,bottle,0.864
2025-11-12 10:32:08,snapshot_1762921924.jpg,bottle,0.686
2025-11-12 10:32:08,snapshot_1762921924.jpg,laptop,0.46
2025-11-12 10:32:08,snapshot_1762921924.jpg,bed,0.294
2025-11-12 10:32:13,snapshot_1762921929.jpg,bottle,0.842
2025-11-12 10:32:13,snapshot_1762921929.jpg,laptop,0.502
2025-11-12 10:32:13,snapshot_1762921929.jpg,bottle,0.448
2025-11-12 10:32:13,snapshot_1762921929.jpg,bed,0.299
2025-11-12 10:32:18,snapshot_1762921934.jpg,bottle,0.882
2025-11-12 10:32:18,snapshot_1762921934.jpg,laptop,0.632
2025-11-12 10:32:18,snapshot_1762921934.jpg,bottle,0.481
2025-11-12 10:32:24,snapshot_1762921939.jpg,bottle,0.823
2025-11-12 10:32:24,snapshot_1762921939.jpg,laptop,0.665
2025-11-12 10:32:24,snapshot_1762921939.jpg,bottle,0.422
2025-11-12 10:32:24,snapshot_1762921939.jpg,bed,0.295
2025-11-12 10:32:29,snapshot_1762921944.jpg,bottle,0.794
2025-11-12 10:32:29,snapshot_1762921944.jpg,laptop,0.603
2025-11-12 10:32:29,snapshot_1762921944.jpg,bottle,0.494
2025-11-12 10:32:29,snapshot_1762921944.jpg,bed,0.264
2025-11-12 10:32:29,snapshot_1762921944.jpg,tv,0.252
2025-11-12 10:32:34,snapshot_1762921949.jpg,bottle,0.813
2025-11-12 10:32:34,snapshot_1762921949.jpg,laptop,0.598
2025-11-12 10:32:34,snapshot_1762921949.jpg,bottle,0.457
2025-11-12 10:32:39,snapshot_1762921955.jpg,bottle,0.811
2025-11-12 10:32:39,snapshot_1762921955.jpg,bottle,0.524
2025-11-12 10:32:39,snapshot_1762921955.jpg,laptop,0.523
2025-11-12 10:32:39,snapshot_1762921955.jpg,tv,0.341
2025-11-12 10:32:44,snapshot_1762921959.jpg,bottle,0.685
2025-11-12 10:32:44,snapshot_1762921959.jpg,bottle,0.621
2025-11-12 10:32:44,snapshot_1762921959.jpg,laptop,0.587
2025-11-12 10:32:44,snapshot_1762921959.jpg,tv,0.346
2025-11-12 10:32:49,snapshot_1762921964.jpg,bottle,0.779
2025-11-12 10:32:49,snapshot_1762921964.jpg,laptop,0.475
2025-11-12 10:32:49,snapshot_1762921964.jpg,bottle,0.434
2025-11-12 10:32:54,snapshot_1762921969.jpg,bottle,0.907
2025-11-12 10:32:54,snapshot_1762921969.jpg,bottle,0.756
2025-11-12 10:32:54,snapshot_1762921969.jpg,airplane,0.615
2025-11-12 10:32:59,snapshot_1762921974.jpg,bottle,0.866
2025-11-12 10:32:59,snapshot_1762921974.jpg,laptop,0.432
2025-11-12 10:32:59,snapshot_1762921974.jpg,bird,0.427
2025-11-12 10:32:59,snapshot_1762921974.jpg,bottle,0.407
2025-11-12 10:33:04,snapshot_1762921979.jpg,bottle,0.884
2025-11-12 10:33:04,snapshot_1762921979.jpg,laptop,0.576
2025-11-12 10:33:04,snapshot_1762921979.jpg,bottle,0.446
2025-11-12 10:33:59,snapshot_1762922037.jpg,bottle,0.819
2025-11-12 10:33:59,snapshot_1762922037.jpg,bed,0.372
2025-11-12 10:33:59,snapshot_1762922037.jpg,bottle,0.319
2025-11-12 10:34:59,snapshot_1762922097.jpg,bottle,0.749
2025-11-12 10:34:59,snapshot_1762922097.jpg,bottle,0.3
2025-11-12 10:34:59,snapshot_1762922097.jpg,bed,0.258
2025-11-12 10:36:00,snapshot_1762922157.jpg,bottle,0.59
2025-11-12 10:36:00,snapshot_1762922157.jpg,bed,0.261
2025-11-12 10:37:00,snapshot_1762922217.jpg,bottle,0.75
2025-11-12 10:37:00,snapshot_1762922217.jpg,bed,0.437
2025-11-12 10:38:00,snapshot_1762922277.jpg,bottle,0.652
2025-11-12 10:38:00,snapshot_1762922277.jpg,laptop,0.355
2025-11-12 10:39:00,snapshot_1762922337.jpg,bottle,0.743
2025-11-12 10:40:00,snapshot_1762922398.jpg,bottle,0.773
2025-11-12 10:40:00,snapshot_1762922398.jpg,bed,0.458
2025-11-12 10:41:00,snapshot_1762922458.jpg,bottle,0.687
2025-11-12 10:41:00,snapshot_1762922458.jpg,bed,0.351
2025-11-12 10:41:10,snapshot_1762922466.jpg,bottle,0.704
2025-11-12 10:41:10,snapshot_1762922466.jpg,bed,0.318
2025-11-12 10:41:10,snapshot_1762922469.jpg,bottle,0.552
2025-11-12 10:41:10,snapshot_1762922469.jpg,bed,0.265
2025-11-12 10:41:15,snapshot_1762922474.jpg,bottle,0.744
2025-11-12 10:41:15,snapshot_1762922474.jpg,bed,0.457
2025-11-12 10:41:20,snapshot_1762922479.jpg,bottle,0.618
2025-11-12 10:41:20,snapshot_1762922479.jpg,bed,0.483
2025-11-12 10:41:20,snapshot_1762922479.jpg,cell phone,0.35
2025-11-12 10:41:26,snapshot_1762922485.jpg,bottle,0.722
2025-11-12 10:41:26,snapshot_1762922485.jpg,bed,0.441
2025-11-12 10:41:31,snapshot_1762922489.jpg,bed,0.774
2025-11-12 10:41:31,snapshot_1762922489.jpg,bottle,0.755
2025-11-12 10:41:36,snapshot_1762922494.jpg,bottle,0.639
2025-11-12 10:41:36,snapshot_1762922494.jpg,bed,0.519
2025-11-12 10:41:41,snapshot_1762922499.jpg,bottle,0.79
2025-11-12 10:41:41,snapshot_1762922499.jpg,bed,0.762
2025-11-12 10:41:46,snapshot_1762922504.jpg,bottle,0.855
2025-11-12 10:41:46,snapshot_1762922504.jpg,bed,0.576
2025-11-12 10:41:51,snapshot_1762922509.jpg,bottle,0.769
2025-11-12 10:41:51,snapshot_1762922509.jpg,bed,0.294
2025-11-12 10:41:56,snapshot_1762922515.jpg,bottle,0.794
2025-11-12 10:41:56,snapshot_1762922515.jpg,bed,0.716
2025-11-12 10:42:01,snapshot_1762922519.jpg,bed,0.805
2025-11-12 10:42:01,snapshot_1762922519.jpg,bottle,0.613
2025-11-12 10:42:06,snapshot_1762922524.jpg,bed,0.783
2025-11-12 10:42:06,snapshot_1762922524.jpg,bottle,0.728
2025-11-12 10:42:12,snapshot_1762922529.jpg,bottle,0.719
2025-11-12 10:42:12,snapshot_1762922529.jpg,bed,0.567
2025-11-12 10:42:12,snapshot_1762922529.jpg,cell phone,0.301
2025-11-12 10:42:17,snapshot_1762922534.jpg,bottle,0.71
2025-11-12 10:42:17,snapshot_1762922534.jpg,bed,0.495
2025-11-12 10:42:22,snapshot_1762922539.jpg,bottle,0.729
2025-11-12 10:42:22,snapshot_1762922539.jpg,bed,0.564
2025-11-12 10:42:27,snapshot_1762922544.jpg,bottle,0.772
2025-11-12 10:42:27,snapshot_1762922544.jpg,bed,0.44
2025-11-12 10:42:27,snapshot_1762922544.jpg,cell phone,0.288
2025-11-12 10:42:32,snapshot_1762922549.jpg,bottle,0.616
2025-11-12 10:42:32,snapshot_1762922549.jpg,bed,0.414
2025-11-12 10:43:02,snapshot_1762922577.jpg,bottle,0.75
2025-11-12 10:43:02,snapshot_1762922577.jpg,person,0.646
2025-11-12 10:43:02,snapshot_1762922577.jpg,dining table,0.492
2025-11-12 10:43:02,snapshot_1762922577.jpg,bottle,0.444
2025-11-12 10:43:57,snapshot_1762922637.jpg,bottle,0.729
2025-11-12 10:43:57,snapshot_1762922637.jpg,person,0.569
2025-11-12 10:43:57,snapshot_1762922637.jpg,laptop,0.487
2025-11-12 10:43:57,snapshot_1762922637.jpg,bottle,0.482
2025-11-12 10:43:57,snapshot_1762922637.jpg,dining table,0.301
2025-11-12 10:45:02,snapshot_1762922698.jpg,bottle,0.812
2025-11-12 10:45:02,snapshot_1762922698.jpg,person,0.682
2025-11-12 10:45:02,snapshot_1762922698.jpg,dining table,0.538
2025-11-12 10:45:57,snapshot_1762922757.jpg,laptop,0.714
2025-11-12 10:45:57,snapshot_1762922757.jpg,person,0.685
2025-11-12 10:45:57,snapshot_1762922757.jpg,bottle,0.665
2025-11-12 10:45:57,snapshot_1762922757.jpg,bottle,0.306
2025-11-12 10:46:08,snapshot_1762922766.jpg,bottle,0.82
2025-11-12 10:46:08,snapshot_1762922766.jpg,person,0.632
2025-11-12 10:46:08,snapshot_1762922766.jpg,cup,0.375
2025-11-12 10:46:08,snapshot_1762922766.jpg,person,0.298
2025-11-12 10:46:08,snapshot_1762922766.jpg,bottle,0.278
2025-11-12 10:46:13,snapshot_1762922769.jpg,person,0.361
2025-11-12 10:46:13,snapshot_1762922769.jpg,bottle,0.307
2025-11-12 10:46:13,snapshot_1762922769.jpg,cup,0.303
2025-11-12 10:46:13,snapshot_1762922769.jpg,bottle,0.288
2025-11-12 10:46:18,snapshot_1762922774.jpg,bottle,0.838
2025-11-12 10:46:18,snapshot_1762922774.jpg,person,0.597
2025-11-12 10:46:18,snapshot_1762922774.jpg,bottle,0.377
2025-11-12 10:46:23,snapshot_1762922779.jpg,bottle,0.821
2025-11-12 10:46:23,snapshot_1762922779.jpg,person,0.527
2025-11-12 10:46:28,snapshot_1762922784.jpg,bottle,0.813
2025-11-12 10:46:28,snapshot_1762922784.jpg,person,0.584
2025-11-12 10:46:33,snapshot_1762922789.jpg,bottle,0.584
2025-11-12 10:46:33,snapshot_1762922789.jpg,person,0.369
2025-11-12 10:46:33,snapshot_1762922789.jpg,bed,0.259
2025-11-12 10:46:38,snapshot_1762922794.jpg,bottle,0.716
2025-11-12 10:46:38,snapshot_1762922794.jpg,person,0.591
2025-11-12 10:46:43,snapshot_1762922799.jpg,bottle,0.62
2025-11-12 10:46:43,snapshot_1762922799.jpg,person,0.462
2025-11-12 10:46:48,snapshot_1762922804.jpg,bottle,0.829
2025-11-12 10:46:48,snapshot_1762922804.jpg,bed,0.252
2025-11-12 10:46:53,snapshot_1762922809.jpg,bottle,0.838
2025-11-12 10:46:53,snapshot_1762922809.jpg,bottle,0.432
2025-11-12 10:46:58,snapshot_1762922814.jpg,laptop,0.837
2025-11-12 10:46:58,snapshot_1762922814.jpg,bottle,0.767
2025-11-12 10:46:58,snapshot_1762922814.jpg,person,0.418
2025-11-12 10:47:04,snapshot_1762922819.jpg,person,0.777
2025-11-12 10:47:04,snapshot_1762922819.jpg,laptop,0.775
2025-11-12 10:47:04,snapshot_1762922819.jpg,bottle,0.761
2025-11-12 10:47:04,snapshot_1762922819.jpg,cup,0.258
2025-11-12 10:47:09,snapshot_1762922824.jpg,bottle,0.502
2025-11-12 10:47:09,snapshot_1762922824.jpg,person,0.33
2025-11-12 10:47:14,snapshot_1762922829.jpg,bottle,0.76
2025-11-12 10:47:14,snapshot_1762922829.jpg,bottle,0.476
2025-11-12 10:47:14,snapshot_1762922829.jpg,person,0.322
2025-11-12 10:47:19,snapshot_1762922834.jpg,bottle,0.597
2025-11-12 10:47:19,snapshot_1762922839.jpg,bottle,0.739
2025-11-12 10:47:19,snapshot_1762922839.jpg,person,0.375
2025-11-12 10:47:19,snapshot_1762922839.jpg,cup,0.355
2025-11-12 10:47:19,snapshot_1762922839.jpg,bottle,0.336
2025-11-12 10:47:24,snapshot_1762922844.jpg,person,0.648
2025-11-12 10:47:24,snapshot_1762922844.jpg,bottle,0.604
2025-11-12 10:47:24,snapshot_1762922844.jpg,laptop,0.587
2025-11-12 10:47:30,snapshot_1762922849.jpg,laptop,0.708
2025-11-12 10:47:30,snapshot_1762922849.jpg,bottle,0.69
2025-11-12 10:47:30,snapshot_1762922849.jpg,person,0.633
2025-11-12 10:47:30,snapshot_1762922849.jpg,cup,0.332
2025-11-12 10:47:35,snapshot_1762922854.jpg,laptop,0.792
2025-11-12 10:47:35,snapshot_1762922854.jpg,person,0.692
2025-11-12 10:47:35,snapshot_1762922854.jpg,bottle,0.644
2025-11-12 10:47:35,snapshot_1762922854.jpg,cup,0.488
2025-11-12 10:47:40,snapshot_1762922859.jpg,bottle,0.703
2025-11-12 10:47:40,snapshot_1762922859.jpg,person,0.443
2025-11-12 10:47:40,snapshot_1762922859.jpg,cup,0.284
2025-11-12 10:47:45,snapshot_1762922864.jpg,bottle,0.581
2025-11-12 10:47:45,snapshot_1762922864.jpg,person,0.491
2025-11-12 10:47:45,snapshot_1762922864.jpg,cup,0.404
2025-11-12 10:47:50,snapshot_1762922869.jpg,person,0.409
2025-11-12 10:47:50,snapshot_1762922869.jpg,cup,0.388
2025-11-12 10:47:55,snapshot_1762922874.jpg,person,0.468
2025-11-12 10:47:55,snapshot_1762922874.jpg,person,0.395
2025-11-12 10:47:55,snapshot_1762922874.jpg,bottle,0.287
2025-11-12 10:48:00,snapshot_1762922879.jpg,person,0.425
2025-11-12 10:48:00,snapshot_1762922879.jpg,person,0.399
2025-11-12 10:48:00,snapshot_1762922879.jpg,cup,0.303
2025-11-12 10:48:05,snapshot_1762922884.jpg,person,0.666
2025-11-12 10:48:05,snapshot_1762922884.jpg,laptop,0.521
2025-11-12 10:48:10,snapshot_1762922889.jpg,laptop,0.771
2025-11-12 10:48:10,snapshot_1762922889.jpg,person,0.75
2025-11-12 10:48:15,snapshot_1762922894.jpg,laptop,0.893
2025-11-12 10:48:15,snapshot_1762922894.jpg,person,0.593
2025-11-12 10:48:15,snapshot_1762922894.jpg,person,0.477
2025-11-12 10:48:21,snapshot_1762922899.jpg,person,0.659
2025-11-12 10:48:21,snapshot_1762922899.jpg,laptop,0.55
2025-11-12 10:48:21,snapshot_1762922899.jpg,person,0.491
2025-11-12 10:48:26,snapshot_1762922904.jpg,person,0.88
2025-11-12 10:48:26,snapshot_1762922904.jpg,bottle,0.673
2025-11-12 10:48:26,snapshot_1762922904.jpg,tv,0.413
2025-11-12 10:48:26,snapshot_1762922904.jpg,bottle,0.346
2025-11-12 10:48:26,snapshot_1762922904.jpg,book,0.268
2025-11-12 10:48:26,snapshot_1762922904.jpg,bottle,0.266
2025-11-12 10:48:31,snapshot_1762922909.jpg,laptop,0.797
2025-11-12 10:48:31,snapshot_1762922909.jpg,person,0.704
2025-11-12 10:48:31,snapshot_1762922909.jpg,bottle,0.392
2025-11-12 10:48:36,snapshot_1762922914.jpg,chair,0.31
2025-11-12 10:48:41,snapshot_1762922919.jpg,book,0.417
2025-11-12 10:48:41,snapshot_1762922919.jpg,book,0.294
2025-11-12 10:48:46,snapshot_1762922924.jpg,book,0.576
2025-11-12 10:48:46,snapshot_1762922924.jpg,chair,0.262
2025-11-12 10:49:06,snapshot_1762922944.jpg,person,0.4
2025-11-12 10:52:26,snapshot_1762923144.jpg,person,0.578
2025-11-12 10:52:26,snapshot_1762923144.jpg,traffic light,0.502
2025-11-12 10:52:31,snapshot_1762923148.jpg,person,0.65
2025-11-12 10:52:31,snapshot_1762923148.jpg,person,0.597
2025-11-12 10:52:31,snapshot_1762923148.jpg,traffic light,0.419
2025-11-12 10:52:31,snapshot_1762923148.jpg,person,0.363
2025-11-12 10:52:37,snapshot_1762923154.jpg,person,0.75
2025-11-12 10:52:37,snapshot_1762923154.jpg,laptop,0.409
2025-11-12 10:52:37,snapshot_1762923154.jpg,person,0.308
2025-11-12 10:52:37,snapshot_1762923154.jpg,person,0.277
2025-11-12 10:52:42,snapshot_1762923159.jpg,person,0.698
2025-11-12 10:52:42,snapshot_1762923159.jpg,person,0.627
2025-11-12 10:52:42,snapshot_1762923159.jpg,person,0.364
2025-11-12 10:52:42,snapshot_1762923159.jpg,laptop,0.273
2025-11-12 10:52:47,snapshot_1762923164.jpg,person,0.75
2025-11-12 10:52:47,snapshot_1762923164.jpg,person,0.268
2025-11-12 10:52:52,snapshot_1762923169.jpg,person,0.822
2025-11-12 10:52:52,snapshot_1762923169.jpg,person,0.341
2025-11-12 10:52:52,snapshot_1762923169.jpg,laptop,0.255
2025-11-12 10:52:57,snapshot_1762923173.jpg,person,0.764
2025-11-12 10:52:57,snapshot_1762923173.jpg,laptop,0.319
2025-11-12 10:53:02,snapshot_1762923179.jpg,person,0.793
2025-11-12 10:53:02,snapshot_1762923179.jpg,traffic light,0.505
2025-11-12 10:53:02,snapshot_1762923179.jpg,chair,0.258
2025-11-12 10:53:07,snapshot_1762923184.jpg,person,0.691
2025-11-12 10:53:07,snapshot_1762923184.jpg,person,0.442
2025-11-12 10:53:07,snapshot_1762923184.jpg,person,0.253
2025-11-12 10:53:12,snapshot_1762923189.jpg,person,0.687
2025-11-12 10:53:17,snapshot_1762923194.jpg,person,0.612
2025-11-12 10:53:17,snapshot_1762923194.jpg,person,0.518
2025-11-12 10:53:17,snapshot_1762923194.jpg,chair,0.267
2025-11-12 10:53:22,snapshot_1762923199.jpg,person,0.751
2025-11-12 10:53:28,snapshot_1762923204.jpg,person,0.663
2025-11-12 10:53:33,snapshot_1762923209.jpg,person,0.748
2025-11-12 10:53:38,snapshot_1762923214.jpg,person,0.802
2025-11-12 10:53:38,snapshot_1762923214.jpg,sink,0.251
2025-11-12 10:53:43,snapshot_1762923219.jpg,person,0.797
2025-11-12 10:53:58,snapshot_1762923234.jpg,person,0.677
2025-11-12 10:53:58,snapshot_1762923234.jpg,person,0.646
2025-11-12 10:54:08,snapshot_1762923244.jpg,person,0.921
2025-11-12 10:54:08,snapshot_1762923244.jpg,tv,0.743
2025-11-12 10:54:08,snapshot_1762923244.jpg,chair,0.742
2025-11-12 10:54:08,snapshot_1762923248.jpg,person,0.904
2025-11-12 10:54:08,snapshot_1762923248.jpg,laptop,0.717
2025-11-12 10:54:08,snapshot_1762923248.jpg,dining table,0.343
2025-11-12 10:54:08,snapshot_1762923248.jpg,tv,0.316
2025-11-12 10:54:13,snapshot_1762923253.jpg,person,0.896
2025-11-12 10:54:13,snapshot_1762923253.jpg,tv,0.363
2025-11-12 10:54:13,snapshot_1762923253.jpg,dining table,0.331
2025-11-12 10:54:13,snapshot_1762923253.jpg,laptop,0.264
2025-11-12 10:54:19,snapshot_1762923258.jpg,person,0.833
2025-11-12 10:54:19,snapshot_1762923258.jpg,dining table,0.321
2025-11-12 10:54:29,snapshot_1762923269.jpg,cat,0.42
2025-11-12 10:54:34,snapshot_1762923274.jpg,bed,0.757
2025-11-12 10:54:40,snapshot_1762923279.jpg,person,0.33
2025-11-12 10:54:40,snapshot_1762923279.jpg,bed,0.252
2025-11-12 10:54:50,snapshot_1762923289.jpg,person,0.553
2025-11-12 10:54:50,snapshot_1762923289.jpg,person,0.479
2025-11-12 10:55:00,snapshot_1762923299.jpg,person,0.503
2025-11-12 10:55:00,snapshot_1762923299.jpg,person,0.396
2025-11-12 10:55:05,snapshot_1762923304.jpg,teddy bear,0.503
2025-11-12 10:55:15,snapshot_1762923314.jpg,person,0.418
2025-11-12 10:55:15,snapshot_1762923314.jpg,person,0.334
2025-11-12 10:56:00,snapshot_1762923357.jpg,bed,0.3
2025-11-12 10:57:01,snapshot_1762923417.jpg,person,0.941
2025-11-12 10:58:01,snapshot_1762923477.jpg,cell phone,0.481
2025-11-12 10:58:01,snapshot_1762923477.jpg,person,0.463
2025-11-12 10:58:01,snapshot_1762923477.jpg,person,0.445
2025-11-12 10:58:01,snapshot_1762923477.jpg,skateboard,0.392
2025-11-12 10:58:01,snapshot_1762923477.jpg,person,0.321
2025-11-12 10:59:01,snapshot_1762923537.jpg,person,0.873
2025-11-12 10:59:01,snapshot_1762923537.jpg,person,0.758
2025-11-12 11:00:01,snapshot_1762923597.jpg,person,0.935
2025-11-12 11:00:01,snapshot_1762923597.jpg,person,0.743
2025-11-12 11:00:01,snapshot_1762923597.jpg,bottle,0.566
2025-11-12 11:01:01,snapshot_1762923657.jpg,person,0.845
2025-11-12 11:01:01,snapshot_1762923657.jpg,bottle,0.325
2025-11-12 11:01:01,snapshot_1762923657.jpg,person,0.294
2025-11-12 11:02:02,snapshot_1762923717.jpg,person,0.836
2025-11-12 11:02:02,snapshot_1762923717.jpg,person,0.755
2025-11-12 11:02:02,snapshot_1762923717.jpg,chair,0.701
2025-11-12 11:02:02,snapshot_1762923717.jpg,person,0.578
2025-11-12 11:02:02,snapshot_1762923717.jpg,laptop,0.499
2025-11-12 11:02:02,snapshot_1762923717.jpg,person,0.403
2025-11-12 11:02:02,snapshot_1762923717.jpg,dining table,0.365
2025-11-12 11:02:02,snapshot_1762923717.jpg,tv,0.362
2025-11-12 11:02:02,snapshot_1762923717.jpg,person,0.331
2025-11-12 11:02:02,snapshot_1762923717.jpg,chair,0.316
2025-11-12 11:02:02,snapshot_1762923717.jpg,person,0.299
2025-11-12 11:02:02,snapshot_1762923717.jpg,person,0.274
2025-11-12 11:02:37,snapshot_1762923752.jpg,person,0.824
2025-11-12 11:02:37,snapshot_1762923752.jpg,person,0.532
2025-11-12 11:02:37,snapshot_1762923752.jpg,chair,0.394
2025-11-12 11:02:37,snapshot_1762923752.jpg,keyboard,0.298
2025-11-12 11:02:37,snapshot_1762923752.jpg,chair,0.289
2025-11-12 11:02:37,snapshot_1762923752.jpg,bottle,0.256
2025-11-12 11:02:37,snapshot_1762923753.jpg,person,0.823
2025-11-12 11:02:37,snapshot_1762923753.jpg,chair,0.521
2025-11-12 11:02:37,snapshot_1762923753.jpg,chair,0.386
2025-11-12 11:02:37,snapshot_1762923753.jpg,bottle,0.288
2025-11-12 11:02:37,snapshot_1762923753.jpg,laptop,0.276
2025-11-12 11:24:13,snapshot_1762925048.jpg,person,0.856
2025-11-12 11:24:33,snapshot_1762925069.jpg,person,0.931
2025-11-12 12:24:03,snapshot_1762928642.jpg,person,0.897
2025-11-12 12:24:08,snapshot_1762928646.jpg,person,0.891
2025-11-12 12:24:08,snapshot_1762928646.jpg,person,0.567
2025-11-12 12:24:13,snapshot_1762928649.jpg,person,0.897
2025-11-12 12:24:13,snapshot_1762928649.jpg,person,0.401
2025-11-12 12:24:28,snapshot_1762928667.jpg,person,0.936
2025-11-12 12:24:28,snapshot_1762928667.jpg,person,0.776
2025-11-12 12:24:33,snapshot_1762928672.jpg,person,0.941
2025-11-12 12:24:33,snapshot_1762928672.jpg,person,0.41
2025-11-12 12:24:38,snapshot_1762928677.jpg,person,0.856
2025-11-12 12:24:38,snapshot_1762928677.jpg,person,0.79
2025-11-12 12:24:38,snapshot_1762928677.jpg,bottle,0.473
2025-11-12 12:24:43,snapshot_1762928682.jpg,suitcase,0.43
2025-11-12 12:24:43,snapshot_1762928682.jpg,person,0.405
2025-11-12 12:24:43,snapshot_1762928682.jpg,person,0.371
2025-11-12 12:24:43,snapshot_1762928682.jpg,cell phone,0.363
2025-11-12 12:24:43,snapshot_1762928682.jpg,person,0.359
2025-11-12 12:24:43,snapshot_1762928682.jpg,person,0.301
2025-11-12 12:24:48,snapshot_1762928687.jpg,person,0.784
2025-11-12 12:24:48,snapshot_1762928687.jpg,bottle,0.544
2025-11-12 12:24:48,snapshot_1762928687.jpg,person,0.461
2025-11-12 12:24:48,snapshot_1762928687.jpg,person,0.376
2025-11-12 12:24:53,snapshot_1762928692.jpg,person,0.912
2025-11-12 12:24:53,snapshot_1762928692.jpg,person,0.823
2025-11-12 12:24:53,snapshot_1762928692.jpg,bottle,0.438
2025-11-12 12:24:53,snapshot_1762928692.jpg,tv,0.382
2025-11-12 12:24:58,snapshot_1762928698.jpg,person,0.91
2025-11-12 12:24:58,snapshot_1762928698.jpg,person,0.756
2025-11-12 12:24:58,snapshot_1762928698.jpg,bottle,0.62
2025-11-12 12:25:04,snapshot_1762928702.jpg,person,0.93
2025-11-12 12:25:04,snapshot_1762928702.jpg,person,0.844
2025-11-12 12:25:04,snapshot_1762928702.jpg,bottle,0.636
2025-11-12 12:25:04,snapshot_1762928702.jpg,person,0.48
2025-11-12 12:25:04,snapshot_1762928702.jpg,person,0.263
2025-11-12 12:25:09,snapshot_1762928707.jpg,person,0.943
2025-11-12 12:25:09,snapshot_1762928707.jpg,person,0.843
2025-11-12 12:25:09,snapshot_1762928707.jpg,bottle,0.679
2025-11-12 12:25:09,snapshot_1762928707.jpg,person,0.393
2025-11-12 12:25:14,snapshot_1762928712.jpg,person,0.779
2025-11-12 12:25:14,snapshot_1762928712.jpg,bottle,0.535
2025-11-12 12:25:14,snapshot_1762928712.jpg,person,0.515
2025-11-12 12:25:14,snapshot_1762928712.jpg,sports ball,0.5
2025-11-12 12:25:14,snapshot_1762928712.jpg,person,0.296
2025-11-12 12:25:14,snapshot_1762928712.jpg,chair,0.277
2025-11-12 12:25:19,snapshot_1762928717.jpg,person,0.91
2025-11-12 12:25:19,snapshot_1762928717.jpg,person,0.669
2025-11-12 12:25:19,snapshot_1762928717.jpg,person,0.666
2025-11-12 12:25:19,snapshot_1762928717.jpg,bottle,0.475
2025-11-12 12:25:19,snapshot_1762928717.jpg,frisbee,0.327
2025-11-12 12:25:24,snapshot_1762928722.jpg,person,0.761
2025-11-12 12:25:24,snapshot_1762928722.jpg,person,0.76
2025-11-12 12:25:24,snapshot_1762928722.jpg,person,0.729
2025-11-12 12:25:24,snapshot_1762928722.jpg,bottle,0.551
2025-11-12 12:25:29,snapshot_1762928727.jpg,person,0.935
2025-11-12 12:25:29,snapshot_1762928727.jpg,person,0.409
2025-11-12 12:25:29,snapshot_1762928727.jpg,chair,0.29
2025-11-12 12:25:29,snapshot_1762928727.jpg,person,0.28
2025-11-12 12:25:34,snapshot_1762928732.jpg,person,0.77
2025-11-12 12:25:34,snapshot_1762928732.jpg,person,0.602
2025-11-12 12:25:34,snapshot_1762928732.jpg,chair,0.454
2025-11-12 12:25:34,snapshot_1762928732.jpg,person,0.352
2025-11-12 12:25:34,snapshot_1762928732.jpg,person,0.337
2025-11-12 12:25:39,snapshot_1762928737.jpg,person,0.937
2025-11-12 12:25:39,snapshot_1762928737.jpg,person,0.883
2025-11-12 12:25:39,snapshot_1762928737.jpg,person,0.306
2025-11-12 12:25:44,snapshot_1762928742.jpg,person,0.908
2025-11-12 12:25:44,snapshot_1762928742.jpg,person,0.41
2025-11-12 12:25:49,snapshot_1762928747.jpg,person,0.845
2025-11-12 12:25:54,snapshot_1762928752.jpg,person,0.911
2025-11-12 12:25:59,snapshot_1762928757.jpg,person,0.777
2025-11-12 12:25:59,snapshot_1762928757.jpg,bed,0.27
2025-11-12 12:26:05,snapshot_1762928762.jpg,person,0.622
2025-11-12 12:26:05,snapshot_1762928762.jpg,person,0.297
2025-11-12 12:26:10,snapshot_1762928767.jpg,person,0.755
2025-11-12 12:26:10,snapshot_1762928767.jpg,person,0.467
2025-11-12 12:26:10,snapshot_1762928767.jpg,person,0.286
2025-11-12 12:26:15,snapshot_1762928772.jpg,person,0.627
2025-11-12 12:26:15,snapshot_1762928772.jpg,person,0.457
2025-11-12 12:26:15,snapshot_1762928772.jpg,person,0.261
2025-11-12 12:26:20,snapshot_1762928777.jpg,person,0.896
2025-11-12 12:26:20,snapshot_1762928777.jpg,person,0.449
2025-11-12 12:26:20,snapshot_1762928777.jpg,person,0.409
2025-11-12 12:26:25,snapshot_1762928782.jpg,person,0.954
2025-11-12 12:26:30,snapshot_1762928787.jpg,bottle,0.664
2025-11-12 12:26:30,snapshot_1762928787.jpg,bottle,0.483
2025-11-12 12:26:30,snapshot_1762928787.jpg,person,0.411
2025-11-12 12:26:30,snapshot_1762928787.jpg,tv,0.38
2025-11-12 12:26:35,snapshot_1762928792.jpg,bottle,0.48
2025-11-12 12:26:40,snapshot_1762928797.jpg,person,0.954
2025-11-12 12:26:40,snapshot_1762928797.jpg,person,0.802
2025-11-12 12:26:40,snapshot_1762928797.jpg,bottle,0.701
2025-11-12 12:26:45,snapshot_1762928802.jpg,cell phone,0.908
2025-11-12 12:26:45,snapshot_1762928802.jpg,person,0.669
2025-11-12 12:26:45,snapshot_1762928802.jpg,person,0.267
2025-11-12 12:26:51,snapshot_1762928807.jpg,person,0.883
2025-11-12 12:26:51,snapshot_1762928807.jpg,cell phone,0.786
2025-11-12 12:26:51,snapshot_1762928807.jpg,person,0.615
2025-11-12 12:26:51,snapshot_1762928807.jpg,chair,0.44
2025-11-12 12:26:56,snapshot_1762928812.jpg,person,0.678
2025-11-12 12:26:56,snapshot_1762928812.jpg,traffic light,0.476
2025-11-12 12:26:56,snapshot_1762928812.jpg,cell phone,0.345
2025-11-12 12:26:56,snapshot_1762928812.jpg,person,0.298
2025-11-12 12:27:01,snapshot_1762928817.jpg,person,0.749
2025-11-12 12:27:01,snapshot_1762928817.jpg,cell phone,0.669
2025-11-12 12:27:06,snapshot_1762928822.jpg,person,0.869
2025-11-12 12:27:06,snapshot_1762928822.jpg,tv,0.463
2025-11-12 12:27:06,snapshot_1762928822.jpg,bottle,0.285
2025-11-12 12:27:11,snapshot_1762928827.jpg,person,0.921
2025-11-12 12:28:16,snapshot_1762928892.jpg,vase,0.463
2025-11-12 12:28:21,snapshot_1762928897.jpg,bottle,0.874
2025-11-12 12:28:21,snapshot_1762928897.jpg,bottle,0.785
2025-11-12 12:28:21,snapshot_1762928897.jpg,bottle,0.34
2025-11-12 12:28:27,snapshot_1762928902.jpg,bottle,0.925
2025-11-12 12:28:27,snapshot_1762928902.jpg,person,0.906
2025-11-12 12:28:32,snapshot_1762928907.jpg,bottle,0.804
2025-11-12 12:28:32,snapshot_1762928907.jpg,bottle,0.734
2025-11-12 12:28:32,snapshot_1762928907.jpg,person,0.524
2025-11-12 12:28:32,snapshot_1762928907.jpg,couch,0.498
2025-11-12 12:28:32,snapshot_1762928907.jpg,bottle,0.423
2025-11-12 12:28:32,snapshot_1762928907.jpg,person,0.261
2025-11-12 12:28:37,snapshot_1762928912.jpg,person,0.851
2025-11-12 12:28:37,snapshot_1762928912.jpg,bottle,0.637
2025-11-12 12:28:37,snapshot_1762928912.jpg,person,0.591
2025-11-12 12:28:42,snapshot_1762928917.jpg,person,0.874
2025-11-12 12:28:42,snapshot_1762928917.jpg,bottle,0.834
2025-11-12 12:28:42,snapshot_1762928917.jpg,chair,0.276
2025-11-12 12:28:42,snapshot_1762928922.jpg,bottle,0.86
2025-11-12 12:28:42,snapshot_1762928922.jpg,person,0.835
2025-11-12 12:28:42,snapshot_1762928922.jpg,chair,0.393
2025-11-12 12:28:42,snapshot_1762928922.jpg,person,0.28
2025-11-12 12:31:07,snapshot_1762929065.jpg,person,0.966
2025-11-12 12:31:07,snapshot_1762929065.jpg,bottle,0.939
2025-11-12 12:31:07,snapshot_1762929065.jpg,chair,0.387
2025-11-12 12:31:07,snapshot_1762929065.jpg,cat,0.256
2025-11-12 12:31:12,snapshot_1762929070.jpg,person,0.971
2025-11-12 12:31:12,snapshot_1762929070.jpg,bottle,0.941
2025-11-12 12:31:12,snapshot_1762929070.jpg,chair,0.42
2025-11-12 12:31:17,snapshot_1762929075.jpg,person,0.959
2025-11-12 12:31:17,snapshot_1762929075.jpg,bottle,0.928
2025-11-12 12:31:17,snapshot_1762929075.jpg,chair,0.291
2025-11-12 12:31:22,snapshot_1762929080.jpg,person,0.958
2025-11-12 12:31:22,snapshot_1762929080.jpg,bottle,0.928
2025-11-12 12:31:22,snapshot_1762929080.jpg,chair,0.361
2025-11-12 12:31:22,snapshot_1762929080.jpg,person,0.342
2025-11-12 12:31:28,snapshot_1762929085.jpg,person,0.956
2025-11-12 12:31:28,snapshot_1762929085.jpg,bottle,0.93
2025-11-12 12:31:28,snapshot_1762929085.jpg,chair,0.365
2025-11-17 12:26:13,snapshot_1763360771.jpg,person,0.864
2025-11-17 12:26:13,snapshot_1763360771.jpg,person,0.692
2025-11-17 12:26:18,snapshot_1763360777.jpg,person,0.887
2025-11-17 12:26:18,snapshot_1763360777.jpg,person,0.549
2025-11-17 12:26:24,snapshot_1763360781.jpg,person,0.904
2025-11-17 12:26:29,snapshot_1763360786.jpg,person,0.946
2025-11-17 12:26:29,snapshot_1763360786.jpg,person,0.721
2025-11-17 12:26:34,snapshot_1763360791.jpg,person,0.876
2025-11-17 12:26:39,snapshot_1763360797.jpg,elephant,0.672
2025-11-17 12:26:39,snapshot_1763360797.jpg,tv,0.599
2025-11-17 12:26:55,snapshot_1763360812.jpg,cat,0.678
2025-11-17 12:26:55,snapshot_1763360812.jpg,refrigerator,0.556
2025-11-17 12:27:00,snapshot_1763360817.jpg,person,0.779
2025-11-17 12:27:00,snapshot_1763360817.jpg,bottle,0.728
2025-11-17 12:27:00,snapshot_1763360817.jpg,person,0.406
2025-11-17 12:27:05,snapshot_1763360822.jpg,person,0.894
2025-11-17 12:27:05,snapshot_1763360822.jpg,person,0.655
2025-11-17 12:27:05,snapshot_1763360822.jpg,cup,0.311
2025-11-17 12:27:05,snapshot_1763360822.jpg,chair,0.31
2025-11-17 12:27:56,snapshot_1763360871.jpg,carrot,0.342
2025-11-17 12:28:01,snapshot_1763360876.jpg,bottle,0.94
2025-11-17 12:28:01,snapshot_1763360876.jpg,laptop,0.797
2025-11-17 12:28:06,snapshot_1763360882.jpg,bottle,0.936
2025-11-17 12:28:06,snapshot_1763360882.jpg,cup,0.361
2025-11-17 12:28:11,snapshot_1763360887.jpg,bottle,0.887
2025-11-17 12:28:11,snapshot_1763360887.jpg,bottle,0.846
2025-11-17 12:28:11,snapshot_1763360887.jpg,refrigerator,0.313
2025-11-17 12:28:11,snapshot_1763360887.jpg,bottle,0.26
2025-11-17 12:28:16,snapshot_1763360892.jpg,laptop,0.316
2025-11-17 12:28:26,snapshot_1763360902.jpg,bottle,0.907
2025-11-17 12:28:26,snapshot_1763360902.jpg,bottle,0.697
2025-11-17 12:28:26,snapshot_1763360902.jpg,bottle,0.531
2025-11-17 12:28:26,snapshot_1763360902.jpg,refrigerator,0.261
2025-11-17 12:28:26,snapshot_1763360902.jpg,refrigerator,0.259
2025-11-17 12:28:31,snapshot_1763360906.jpg,bottle,0.896
2025-11-17 12:28:31,snapshot_1763360906.jpg,refrigerator,0.314
2025-11-17 12:28:46,snapshot_1763360923.jpg,bottle,0.929
2025-11-17 12:28:46,snapshot_1763360923.jpg,chair,0.641
2025-11-17 12:28:46,snapshot_1763360923.jpg,chair,0.43
2025-11-17 12:28:46,snapshot_1763360923.jpg,chair,0.309
2025-11-17 12:28:46,snapshot_1763360923.jpg,dining table,0.297
2025-11-17 12:28:52,snapshot_1763360928.jpg,bottle,0.919
2025-11-17 12:28:52,snapshot_1763360928.jpg,laptop,0.503
2025-11-17 12:28:57,snapshot_1763360934.jpg,bottle,0.922
2025-11-17 12:28:57,snapshot_1763360934.jpg,bottle,0.432
2025-11-17 12:28:57,snapshot_1763360934.jpg,chair,0.25
2025-11-17 12:29:17,snapshot_1763360954.jpg,bottle,0.904
2025-11-17 12:29:22,snapshot_1763360959.jpg,bottle,0.925
2025-11-17 12:29:22,snapshot_1763360959.jpg,laptop,0.264
2025-11-17 12:29:27,snapshot_1763360964.jpg,bottle,0.789
2025-11-17 12:29:27,snapshot_1763360964.jpg,refrigerator,0.43
2025-11-17 12:29:32,snapshot_1763360969.jpg,bottle,0.872
2025-11-17 12:29:32,snapshot_1763360969.jpg,bottle,0.728
2025-11-17 12:29:32,snapshot_1763360969.jpg,refrigerator,0.38
2025-11-17 12:29:32,snapshot_1763360969.jpg,bottle,0.28
2025-11-17 12:29:37,snapshot_1763360974.jpg,person,0.86
2025-11-17 12:29:37,snapshot_1763360974.jpg,person,0.786
2025-11-17 12:29:37,snapshot_1763360974.jpg,person,0.312
2025-11-17 12:29:42,snapshot_1763360979.jpg,person,0.904
2025-11-17 12:29:42,snapshot_1763360979.jpg,person,0.587
2025-11-17 12:29:42,snapshot_1763360979.jpg,bottle,0.585
2025-11-17 12:29:42,snapshot_1763360979.jpg,laptop,0.353
2025-11-17 12:29:42,snapshot_1763360979.jpg,laptop,0.263
2025-11-17 12:29:42,snapshot_1763360979.jpg,cup,0.253
2025-11-17 12:30:08,snapshot_1763361004.jpg,person,0.801
2025-11-17 12:30:08,snapshot_1763361004.jpg,bottle,0.731
2025-11-17 12:30:08,snapshot_1763361004.jpg,laptop,0.66
2025-11-17 12:30:08,snapshot_1763361004.jpg,bottle,0.367
2025-11-17 12:30:08,snapshot_1763361004.jpg,chair,0.341
2025-11-17 12:30:08,snapshot_1763361004.jpg,laptop,0.292
2025-11-17 12:30:08,snapshot_1763361004.jpg,bottle,0.282
2025-11-17 12:30:08,snapshot_1763361004.jpg,bottle,0.267
2025-11-18 08:30:05,snapshot_1763433002.jpg,laptop,0.904
2025-11-18 08:30:05,snapshot_1763433002.jpg,person,0.639
2025-11-18 08:30:05,snapshot_1763433002.jpg,bottle,0.535
2025-11-18 08:30:05,snapshot_1763433002.jpg,chair,0.485
2025-11-18 08:30:05,snapshot_1763433002.jpg,keyboard,0.354
2025-11-18 08:30:05,snapshot_1763433002.jpg,person,0.309
2025-11-18 08:30:10,snapshot_1763433007.jpg,laptop,0.845
2025-11-18 08:30:10,snapshot_1763433007.jpg,person,0.636
2025-11-18 08:30:10,snapshot_1763433007.jpg,bottle,0.597
2025-11-18 08:30:10,snapshot_1763433007.jpg,bottle,0.513
2025-11-18 08:30:10,snapshot_1763433007.jpg,chair,0.44
2025-11-18 08:30:10,snapshot_1763433007.jpg,laptop,0.384
2025-11-18 08:30:10,snapshot_1763433007.jpg,bottle,0.28
2025-11-18 08:30:10,snapshot_1763433007.jpg,keyboard,0.276
2025-11-18 08:30:15,snapshot_1763433012.jpg,laptop,0.833
2025-11-18 08:30:15,snapshot_1763433012.jpg,bottle,0.484
2025-11-18 08:30:15,snapshot_1763433012.jpg,person,0.45
2025-11-18 08:30:15,snapshot_1763433012.jpg,bottle,0.381
2025-11-18 08:30:15,snapshot_1763433012.jpg,bottle,0.346
2025-11-18 08:30:15,snapshot_1763433012.jpg,keyboard,0.278
2025-11-18 08:30:20,snapshot_1763433017.jpg,laptop,0.803
2025-11-18 08:30:20,snapshot_1763433017.jpg,person,0.666
2025-11-18 08:30:20,snapshot_1763433017.jpg,bottle,0.577
2025-11-18 08:30:20,snapshot_1763433017.jpg,bottle,0.562
2025-11-18 08:30:20,snapshot_1763433017.jpg,laptop,0.404
2025-11-18 08:30:20,snapshot_1763433017.jpg,keyboard,0.319
2025-11-18 08:30:20,snapshot_1763433017.jpg,chair,0.311
2025-11-18 08:30:25,snapshot_1763433022.jpg,laptop,0.924
2025-11-18 08:30:25,snapshot_1763433022.jpg,person,0.675
2025-11-18 08:30:25,snapshot_1763433022.jpg,bottle,0.39
2025-11-18 08:30:25,snapshot_1763433022.jpg,chair,0.339
2025-11-18 08:30:25,snapshot_1763433022.jpg,bottle,0.318
2025-11-18 08:30:25,snapshot_1763433022.jpg,keyboard,0.309
2025-11-18 08:30:30,snapshot_1763433027.jpg,laptop,0.942
2025-11-18 08:30:30,snapshot_1763433027.jpg,person,0.617
2025-11-18 08:30:30,snapshot_1763433027.jpg,chair,0.556
2025-11-18 08:30:30,snapshot_1763433027.jpg,bottle,0.39
2025-11-18 08:30:30,snapshot_1763433027.jpg,bottle,0.27
2025-11-18 08:30:30,snapshot_1763433027.jpg,bottle,0.262
2025-11-18 08:30:40,snapshot_1763433039.jpg,laptop,0.929
2025-11-18 08:30:40,snapshot_1763433039.jpg,person,0.42
2025-11-18 08:30:40,snapshot_1763433039.jpg,bottle,0.398
2025-11-18 08:30:40,snapshot_1763433039.jpg,bottle,0.373
2025-11-18 08:30:40,snapshot_1763433039.jpg,bottle,0.342
2025-11-18 08:30:40,snapshot_1763433039.jpg,keyboard,0.251
2025-11-18 08:30:45,snapshot_1763433044.jpg,laptop,0.793
2025-11-18 08:30:45,snapshot_1763433044.jpg,person,0.501
2025-11-18 08:30:45,snapshot_1763433044.jpg,bottle,0.489
2025-11-18 08:30:45,snapshot_1763433044.jpg,chair,0.417
2025-11-18 08:30:45,snapshot_1763433044.jpg,keyboard,0.301
2025-11-18 08:30:45,snapshot_1763433044.jpg,tv,0.287
2025-11-18 08:30:45,snapshot_1763433044.jpg,mouse,0.263
2025-11-18 08:32:27,snapshot_1763433145.jpg,clock,0.527
2025-11-18 08:32:37,snapshot_1763433155.jpg,clock,0.284
2025-11-18 08:32:42,snapshot_1763433160.jpg,clock,0.475
2025-11-18 08:32:47,snapshot_1763433165.jpg,person,0.407
2025-11-18 08:32:58,snapshot_1763433175.jpg,clock,0.848
2025-11-18 08:33:03,snapshot_1763433180.jpg,person,0.262
2025-11-18 08:33:53,snapshot_1763433233.jpg,umbrella,0.296
2025-11-18 08:33:58,snapshot_1763433238.jpg,clock,0.258
2025-11-18 08:34:04,snapshot_1763433243.jpg,person,0.795
2025-11-18 08:34:04,snapshot_1763433243.jpg,person,0.3
2025-11-18 08:34:09,snapshot_1763433248.jpg,person,0.291
2025-11-18 08:34:09,snapshot_1763433248.jpg,cow,0.26
2025-11-18 08:34:34,snapshot_1763433273.jpg,bed,0.302
2025-11-18 08:36:24,snapshot_1763433380.jpg,suitcase,0.401
2025-11-18 08:36:30,snapshot_1763433385.jpg,bottle,0.842
2025-11-18 08:36:30,snapshot_1763433385.jpg,bottle,0.711
2025-11-18 08:36:30,snapshot_1763433385.jpg,laptop,0.384
2025-11-18 08:36:30,snapshot_1763433385.jpg,laptop,0.27
2025-11-18 08:36:35,snapshot_1763433390.jpg,keyboard,0.681
2025-11-18 08:36:35,snapshot_1763433390.jpg,laptop,0.677
2025-11-18 08:36:35,snapshot_1763433390.jpg,mouse,0.395
2025-11-18 08:36:35,snapshot_1763433390.jpg,bottle,0.268
2025-11-18 08:36:45,snapshot_1763433402.jpg,bottle,0.473
2025-11-18 08:36:45,snapshot_1763433402.jpg,book,0.443
2025-11-18 08:36:45,snapshot_1763433402.jpg,bottle,0.413
2025-11-18 08:36:45,snapshot_1763433402.jpg,suitcase,0.407
2025-11-18 08:36:45,snapshot_1763433402.jpg,book,0.339
2025-11-18 08:36:45,snapshot_1763433402.jpg,keyboard,0.316
2025-11-18 08:36:45,snapshot_1763433402.jpg,bottle,0.311
2025-11-18 08:36:45,snapshot_1763433402.jpg,book,0.282
2025-11-18 08:36:45,snapshot_1763433402.jpg,bed,0.268
2025-11-18 08:36:45,snapshot_1763433402.jpg,book,0.267
2025-11-18 08:36:50,snapshot_1763433407.jpg,book,0.691
2025-11-18 08:36:50,snapshot_1763433407.jpg,book,0.418
2025-11-18 08:36:50,snapshot_1763433407.jpg,bottle,0.367
2025-11-18 08:36:50,snapshot_1763433407.jpg,book,0.352
2025-11-18 08:36:55,snapshot_1763433412.jpg,laptop,0.728
2025-11-18 08:36:55,snapshot_1763433412.jpg,scissors,0.464
2025-11-18 08:37:05,snapshot_1763433424.jpg,laptop,0.598
2025-11-18 08:37:05,snapshot_1763433424.jpg,bottle,0.511
2025-11-18 08:37:05,snapshot_1763433424.jpg,keyboard,0.266
2025-11-18 08:37:10,snapshot_1763433428.jpg,person,0.266
2025-11-18 08:37:15,snapshot_1763433433.jpg,cat,0.335
2025-11-18 08:40:20,snapshot_1763433616.jpg,person,0.532
2025-11-18 08:40:20,snapshot_1763433616.jpg,person,0.475
2025-11-18 08:40:20,snapshot_1763433616.jpg,person,0.274
2025-11-18 08:40:31,snapshot_1763433626.jpg,mouse,0.28
2025-11-18 08:40:36,snapshot_1763433631.jpg,chair,0.55
2025-11-18 08:40:46,snapshot_1763433645.jpg,book,0.472
2025-11-18 08:40:46,snapshot_1763433645.jpg,book,0.382
2025-11-18 08:40:56,snapshot_1763433655.jpg,person,0.289
2025-11-18 08:41:26,snapshot_1763433685.jpg,bed,0.553
2025-11-18 08:41:37,snapshot_1763433695.jpg,person,0.814
2025-11-18 08:41:42,snapshot_1763433700.jpg,person,0.433
2025-11-18 08:41:47,snapshot_1763433706.jpg,person,0.511
2025-11-18 08:41:57,snapshot_1763433716.jpg,person,0.709
2025-11-18 08:42:02,snapshot_1763433721.jpg,person,0.392
2025-11-18 08:42:07,snapshot_1763433726.jpg,train,0.368
2025-11-18 08:42:07,snapshot_1763433726.jpg,person,0.252
2025-11-18 08:42:12,snapshot_1763433731.jpg,bottle,0.302
2025-11-18 08:42:12,snapshot_1763433731.jpg,bottle,0.264
2025-11-18 08:42:22,snapshot_1763433741.jpg,mouse,0.269
2025-11-18 08:42:32,snapshot_1763433751.jpg,suitcase,0.387
2025-11-18 08:42:38,snapshot_1763433756.jpg,mouse,0.606
2025-11-18 08:42:43,snapshot_1763433761.jpg,traffic light,0.512
2025-11-18 08:42:43,snapshot_1763433761.jpg,mouse,0.375
2025-11-18 08:43:13,snapshot_1763433789.jpg,book,0.399
2025-11-18 08:43:13,snapshot_1763433789.jpg,cell phone,0.385
2025-11-18 08:43:13,snapshot_1763433790.jpg,book,0.488
2025-11-18 08:43:18,snapshot_1763433795.jpg,mouse,0.706
2025-11-18 08:43:18,snapshot_1763433795.jpg,book,0.581
2025-11-18 08:43:23,snapshot_1763433801.jpg,book,0.402
2025-11-18 08:43:28,snapshot_1763433806.jpg,book,0.462
2025-11-18 08:43:33,snapshot_1763433811.jpg,book,0.452
2025-11-18 08:43:38,snapshot_1763433816.jpg,book,0.544
2025-11-18 08:43:38,snapshot_1763433816.jpg,mouse,0.282
2025-11-18 08:43:38,snapshot_1763433816.jpg,cat,0.262
2025-11-18 08:43:43,snapshot_1763433820.jpg,book,0.598
2025-11-18 08:46:58,snapshot_1763434015.jpg,laptop,0.346
2025-11-18 08:47:34,snapshot_1763434049.jpg,person,0.283
2025-11-18 08:47:39,snapshot_1763434055.jpg,mouse,0.26
2025-11-18 08:49:04,snapshot_1763434142.jpg,cat,0.328
2025-11-18 08:49:04,snapshot_1763434142.jpg,knife,0.284
2025-11-18 08:49:24,snapshot_1763434160.jpg,laptop,0.959
2025-11-18 08:49:24,snapshot_1763434160.jpg,cup,0.807
2025-11-18 08:49:24,snapshot_1763434160.jpg,bottle,0.584
2025-11-18 08:49:24,snapshot_1763434160.jpg,bottle,0.528
2025-11-18 08:49:24,snapshot_1763434160.jpg,clock,0.3
2025-11-18 08:49:29,snapshot_1763434165.jpg,laptop,0.912
2025-11-18 08:49:29,snapshot_1763434165.jpg,cup,0.788
2025-11-18 08:49:29,snapshot_1763434165.jpg,laptop,0.757
2025-11-18 08:49:29,snapshot_1763434165.jpg,bottle,0.405
2025-11-18 08:49:29,snapshot_1763434165.jpg,person,0.282
2025-11-18 09:28:20,snapshot_1763436497.jpg,keyboard,0.727
2025-11-18 09:28:20,snapshot_1763436497.jpg,chair,0.678
2025-11-18 09:28:20,snapshot_1763436497.jpg,person,0.607
2025-11-18 09:28:20,snapshot_1763436497.jpg,chair,0.479
2025-11-18 09:28:20,snapshot_1763436497.jpg,chair,0.407
2025-11-18 09:28:20,snapshot_1763436497.jpg,chair,0.398
2025-11-18 09:28:20,snapshot_1763436497.jpg,person,0.323
2025-11-18 09:28:25,snapshot_1763436502.jpg,person,0.78
2025-11-18 09:28:25,snapshot_1763436502.jpg,keyboard,0.741
2025-11-18 09:28:25,snapshot_1763436502.jpg,chair,0.637
2025-11-18 09:28:25,snapshot_1763436502.jpg,chair,0.499
2025-11-18 09:28:25,snapshot_1763436502.jpg,chair,0.471
2025-11-18 09:28:25,snapshot_1763436502.jpg,chair,0.301
2025-11-18 09:28:30,snapshot_1763436507.jpg,person,0.721
2025-11-18 09:28:30,snapshot_1763436507.jpg,keyboard,0.672
2025-11-18 09:28:30,snapshot_1763436507.jpg,chair,0.443
2025-11-18 09:28:30,snapshot_1763436507.jpg,chair,0.417
2025-11-18 09:28:30,snapshot_1763436507.jpg,person,0.348
2025-11-18 09:28:30,snapshot_1763436507.jpg,chair,0.346
2025-11-18 09:28:30,snapshot_1763436507.jpg,chair,0.335
2025-11-18 09:28:30,snapshot_1763436507.jpg,cup,0.319
2025-11-18 09:28:30,snapshot_1763436507.jpg,chair,0.308
2025-11-18 10:16:17,snapshot_1763439373.jpg,laptop,0.91
2025-11-18 10:16:17,snapshot_1763439373.jpg,bottle,0.829
2025-11-18 10:16:17,snapshot_1763439373.jpg,bottle,0.761
2025-11-18 10:16:17,snapshot_1763439373.jpg,keyboard,0.645
2025-11-18 10:16:17,snapshot_1763439373.jpg,remote,0.536
2025-11-18 10:16:17,snapshot_1763439373.jpg,bottle,0.441
2025-11-18 10:16:17,snapshot_1763439373.jpg,cell phone,0.391
2025-11-18 10:16:17,snapshot_1763439373.jpg,book,0.298
2025-11-18 10:16:17,snapshot_1763439373.jpg,mouse,0.287
2025-11-18 10:16:17,snapshot_1763439373.jpg,bottle,0.26
2025-11-18 10:16:17,snapshot_1763439373.jpg,bottle,0.26
2025-11-18 10:16:22,snapshot_1763439378.jpg,laptop,0.963
2025-11-18 10:16:22,snapshot_1763439378.jpg,bottle,0.516
2025-11-18 10:16:22,snapshot_1763439378.jpg,bottle,0.46
2025-11-18 10:16:22,snapshot_1763439378.jpg,keyboard,0.388
2025-11-18 10:16:22,snapshot_1763439378.jpg,cell phone,0.291
2025-11-18 10:16:27,snapshot_1763439383.jpg,laptop,0.913
2025-11-18 10:16:27,snapshot_1763439383.jpg,bottle,0.815
2025-11-18 10:16:27,snapshot_1763439383.jpg,bottle,0.474
2025-11-18 10:16:27,snapshot_1763439383.jpg,bottle,0.323
2025-11-18 10:27:02,snapshot_1763440020.jpg,person,0.851
2025-11-18 10:27:08,snapshot_1763440025.jpg,person,0.877
2025-11-18 10:27:13,snapshot_1763440031.jpg,person,0.87
2025-11-18 10:27:19,snapshot_1763440035.jpg,person,0.87
2025-11-18 10:27:24,snapshot_1763440041.jpg,person,0.848
2025-11-18 10:27:29,snapshot_1763440045.jpg,person,0.869
2025-11-18 10:27:34,snapshot_1763440050.jpg,person,0.876
2025-11-18 10:27:39,snapshot_1763440055.jpg,person,0.861
2025-11-18 10:27:45,snapshot_1763440060.jpg,person,0.857
2025-11-18 10:27:50,snapshot_1763440065.jpg,person,0.881
2025-11-18 10:27:55,snapshot_1763440070.jpg,person,0.884
2025-11-18 10:28:00,snapshot_1763440076.jpg,laptop,0.823
2025-11-18 10:28:00,snapshot_1763440076.jpg,person,0.748
2025-11-18 10:28:05,snapshot_1763440080.jpg,laptop,0.862
2025-11-18 10:28:05,snapshot_1763440080.jpg,person,0.514
2025-11-18 10:28:05,snapshot_1763440080.jpg,person,0.371
2025-11-18 10:28:05,snapshot_1763440080.jpg,laptop,0.32
2025-11-18 10:28:11,snapshot_1763440086.jpg,laptop,0.88
2025-11-18 10:28:11,snapshot_1763440086.jpg,person,0.422
2025-12-01 15:08:22,snapshot_1764580099.jpg,bottle,0.889
2025-12-01 15:08:22,snapshot_1764580099.jpg,person,0.432
2025-12-01 15:08:22,snapshot_1764580099.jpg,laptop,0.363
2025-12-01 15:08:22,snapshot_1764580099.jpg,person,0.325
2025-12-01 15:08:28,snapshot_1764580104.jpg,laptop,0.953
2025-12-01 15:08:28,snapshot_1764580104.jpg,laptop,0.332
2025-12-01 15:08:28,snapshot_1764580104.jpg,cup,0.306
2025-12-01 15:08:28,snapshot_1764580104.jpg,cup,0.251
2025-12-01 15:08:33,snapshot_1764580109.jpg,laptop,0.965
2025-12-01 15:08:33,snapshot_1764580109.jpg,laptop,0.807
2025-12-01 15:08:38,snapshot_1764580114.jpg,laptop,0.952
2025-12-01 15:08:38,snapshot_1764580114.jpg,laptop,0.685
2025-12-01 15:08:43,snapshot_1764580119.jpg,laptop,0.839
2025-12-01 15:08:43,snapshot_1764580119.jpg,keyboard,0.258
2025-12-01 15:08:53,snapshot_1764580128.jpg,keyboard,0.48
2025-12-01 15:08:53,snapshot_1764580128.jpg,suitcase,0.308
2025-12-01 15:09:38,snapshot_1764580174.jpg,bottle,0.902
2025-12-01 15:09:38,snapshot_1764580174.jpg,laptop,0.891
2025-12-01 15:09:38,snapshot_1764580174.jpg,laptop,0.795
2025-12-01 15:09:38,snapshot_1764580174.jpg,cup,0.5
2025-12-01 15:09:38,snapshot_1764580174.jpg,cup,0.348
2025-12-01 15:09:43,snapshot_1764580179.jpg,bottle,0.934
2025-12-01 15:09:43,snapshot_1764580179.jpg,laptop,0.893
2025-12-01 15:09:43,snapshot_1764580179.jpg,cup,0.509
2025-12-01 15:09:43,snapshot_1764580179.jpg,laptop,0.302
2025-12-01 15:09:48,snapshot_1764580184.jpg,laptop,0.741
2025-12-01 15:09:48,snapshot_1764580184.jpg,mouse,0.436
2025-12-01 15:09:48,snapshot_1764580184.jpg,bottle,0.414
2025-12-01 15:09:48,snapshot_1764580184.jpg,laptop,0.255
2025-12-01 15:09:53,snapshot_1764580189.jpg,laptop,0.864
2025-12-01 15:09:53,snapshot_1764580189.jpg,book,0.306
2025-12-01 15:09:53,snapshot_1764580189.jpg,book,0.25
2025-12-01 15:09:58,snapshot_1764580194.jpg,laptop,0.889
2025-12-01 15:10:04,snapshot_1764580199.jpg,bottle,0.932
2025-12-01 15:10:04,snapshot_1764580199.jpg,laptop,0.921
2025-12-01 15:10:04,snapshot_1764580199.jpg,cup,0.59
2025-12-01 15:10:04,snapshot_1764580199.jpg,bottle,0.473
2025-12-01 15:10:09,snapshot_1764580204.jpg,bottle,0.836
2025-12-01 15:10:09,snapshot_1764580204.jpg,cup,0.74
2025-12-01 15:10:09,snapshot_1764580204.jpg,bottle,0.586
2025-12-01 15:10:09,snapshot_1764580204.jpg,person,0.537
2025-12-01 15:10:09,snapshot_1764580204.jpg,chair,0.504
2025-12-01 15:10:09,snapshot_1764580204.jpg,person,0.428
2025-12-01 15:10:09,snapshot_1764580204.jpg,laptop,0.388
2025-12-01 15:10:24,snapshot_1764580220.jpg,person,0.848
2025-12-01 15:10:24,snapshot_1764580220.jpg,cup,0.839
2025-12-01 15:10:24,snapshot_1764580220.jpg,bottle,0.82
2025-12-01 15:10:24,snapshot_1764580220.jpg,laptop,0.789
2025-12-01 15:10:29,snapshot_1764580224.jpg,bottle,0.841
2025-12-01 15:10:29,snapshot_1764580224.jpg,laptop,0.784
2025-12-01 15:10:29,snapshot_1764580224.jpg,person,0.773
2025-12-01 15:10:29,snapshot_1764580224.jpg,bottle,0.585
2025-12-01 15:10:29,snapshot_1764580224.jpg,bottle,0.484
2025-12-01 15:10:29,snapshot_1764580224.jpg,dining table,0.439
2025-12-01 15:10:29,snapshot_1764580224.jpg,cup,0.384
2025-12-01 15:10:29,snapshot_1764580224.jpg,chair,0.293
2025-12-01 15:10:29,snapshot_1764580224.jpg,person,0.29
2025-12-01 15:10:34,snapshot_1764580229.jpg,bottle,0.825
2025-12-01 15:10:34,snapshot_1764580229.jpg,laptop,0.712
2025-12-01 15:10:34,snapshot_1764580229.jpg,laptop,0.658
2025-12-01 15:10:34,snapshot_1764580229.jpg,person,0.62
2025-12-01 15:10:34,snapshot_1764580229.jpg,dining table,0.449
2025-12-01 15:10:34,snapshot_1764580229.jpg,person,0.326
2025-12-01 15:10:34,snapshot_1764580229.jpg,dining table,0.321
2025-12-01 15:10:34,snapshot_1764580229.jpg,person,0.314
2025-12-01 15:10:34,snapshot_1764580229.jpg,laptop,0.252
2025-12-01 15:10:39,snapshot_1764580234.jpg,bottle,0.831
2025-12-01 15:10:39,snapshot_1764580234.jpg,person,0.814
2025-12-01 15:10:39,snapshot_1764580234.jpg,laptop,0.641
2025-12-01 15:10:39,snapshot_1764580234.jpg,cup,0.435
2025-12-01 15:10:39,snapshot_1764580234.jpg,person,0.34
2025-12-01 15:10:39,snapshot_1764580234.jpg,laptop,0.326
2025-12-01 15:10:39,snapshot_1764580234.jpg,dining table,0.321
2025-12-01 15:10:39,snapshot_1764580234.jpg,cup,0.309
2025-12-01 15:10:39,snapshot_1764580234.jpg,chair,0.299
2025-12-01 15:10:39,snapshot_1764580234.jpg,chair,0.291
2025-12-01 15:10:44,snapshot_1764580239.jpg,laptop,0.866
2025-12-01 15:10:44,snapshot_1764580239.jpg,bottle,0.859
2025-12-01 15:10:44,snapshot_1764580239.jpg,person,0.755
2025-12-01 15:10:44,snapshot_1764580239.jpg,person,0.588
2025-12-01 15:10:44,snapshot_1764580239.jpg,dining table,0.532
2025-12-01 15:10:44,snapshot_1764580239.jpg,person,0.439
2025-12-01 15:10:44,snapshot_1764580239.jpg,chair,0.4
2025-12-01 15:10:44,snapshot_1764580239.jpg,chair,0.283
2025-12-01 15:10:49,snapshot_1764580244.jpg,laptop,0.802
2025-12-01 15:10:49,snapshot_1764580244.jpg,person,0.72
2025-12-01 15:10:49,snapshot_1764580244.jpg,laptop,0.627
2025-12-01 15:10:49,snapshot_1764580244.jpg,person,0.561
2025-12-01 15:10:49,snapshot_1764580244.jpg,bottle,0.557
2025-12-01 15:10:49,snapshot_1764580244.jpg,chair,0.342
2025-12-01 15:10:49,snapshot_1764580244.jpg,dining table,0.313
2025-12-01 15:10:49,snapshot_1764580244.jpg,person,0.311
2025-12-01 15:10:49,snapshot_1764580244.jpg,chair,0.308
2025-12-01 15:10:49,snapshot_1764580244.jpg,cake,0.284
2025-12-01 15:10:49,snapshot_1764580244.jpg,bottle,0.282
2025-12-01 15:10:54,snapshot_1764580249.jpg,laptop,0.886
2025-12-01 15:10:54,snapshot_1764580249.jpg,bottle,0.85
2025-12-01 15:10:54,snapshot_1764580249.jpg,person,0.461
2025-12-01 15:10:54,snapshot_1764580249.jpg,person,0.328
2025-12-01 15:10:54,snapshot_1764580249.jpg,chair,0.308
2025-12-01 15:10:54,snapshot_1764580254.jpg,laptop,0.811
2025-12-01 15:10:54,snapshot_1764580254.jpg,bottle,0.725
2025-12-01 15:10:54,snapshot_1764580254.jpg,person,0.291
2025-12-01 15:10:54,snapshot_1764580254.jpg,person,0.279
2025-12-01 15:11:04,snapshot_1764580259.jpg,laptop,0.826
2025-12-01 15:11:04,snapshot_1764580259.jpg,person,0.624
2025-12-01 15:11:04,snapshot_1764580259.jpg,person,0.458
2025-12-01 15:11:04,snapshot_1764580259.jpg,person,0.281
2025-12-01 15:11:05,snapshot_1764580264.jpg,person,0.408
2025-12-01 15:11:10,snapshot_1764580269.jpg,person,0.778
2025-12-01 15:11:15,snapshot_1764580274.jpg,person,0.526
2025-12-01 15:11:20,snapshot_1764580279.jpg,person,0.476
2025-12-01 15:11:20,snapshot_1764580279.jpg,dog,0.275
2025-12-01 15:11:25,snapshot_1764580284.jpg,person,0.72
2025-12-01 15:11:30,snapshot_1764580289.jpg,person,0.757
2025-12-01 15:11:35,snapshot_1764580294.jpg,teddy bear,0.521
2025-12-01 15:11:40,snapshot_1764580299.jpg,teddy bear,0.419
2025-12-01 15:11:40,snapshot_1764580299.jpg,cat,0.32
2025-12-01 15:11:45,snapshot_1764580304.jpg,person,0.571
2025-12-01 15:11:45,snapshot_1764580304.jpg,cat,0.356
2025-12-01 15:11:50,snapshot_1764580309.jpg,person,0.763
2025-12-01 15:11:55,snapshot_1764580314.jpg,person,0.833
2025-12-01 15:11:55,snapshot_1764580314.jpg,person,0.67
2025-12-01 15:12:01,snapshot_1764580319.jpg,person,0.926
2025-12-01 15:12:01,snapshot_1764580319.jpg,person,0.822
2025-12-01 15:12:06,snapshot_1764580324.jpg,person,0.658
2025-12-01 15:12:06,snapshot_1764580324.jpg,person,0.403
2025-12-01 15:12:06,snapshot_1764580324.jpg,elephant,0.396
2025-12-01 15:12:06,snapshot_1764580324.jpg,person,0.389
2025-12-01 15:12:16,snapshot_1764580331.jpg,person,0.952
2025-12-01 15:12:16,snapshot_1764580331.jpg,person,0.808
2025-12-01 15:12:21,snapshot_1764580336.jpg,person,0.917
2025-12-01 15:12:21,snapshot_1764580336.jpg,person,0.905
2025-12-01 15:12:26,snapshot_1764580341.jpg,person,0.924
2025-12-01 15:12:26,snapshot_1764580341.jpg,person,0.918
2025-12-01 15:12:31,snapshot_1764580346.jpg,person,0.861
2025-12-01 15:12:36,snapshot_1764580351.jpg,person,0.841
2025-12-01 15:12:42,snapshot_1764580356.jpg,bottle,0.626
2025-12-01 15:12:42,snapshot_1764580356.jpg,person,0.518
2025-12-01 15:12:42,snapshot_1764580361.jpg,person,0.91
2025-12-01 15:12:42,snapshot_1764580361.jpg,person,0.809
2025-12-01 15:12:47,snapshot_1764580366.jpg,toothbrush,0.706
2025-12-01 15:12:47,snapshot_1764580366.jpg,person,0.299
2025-12-01 15:12:52,snapshot_1764580371.jpg,person,0.712
2025-12-01 15:12:52,snapshot_1764580371.jpg,tv,0.588
2025-12-01 15:12:52,snapshot_1764580371.jpg,remote,0.283
2025-12-01 15:12:57,snapshot_1764580376.jpg,person,0.456
2025-12-01 15:12:57,snapshot_1764580376.jpg,dog,0.418
2025-12-01 15:13:02,snapshot_1764580381.jpg,person,0.304
2025-12-01 15:13:02,snapshot_1764580381.jpg,dog,0.304
2025-12-01 15:13:13,snapshot_1764580391.jpg,laptop,0.324
2025-12-01 15:13:18,snapshot_1764580396.jpg,laptop,0.917
2025-12-01 15:13:18,snapshot_1764580396.jpg,keyboard,0.336
2025-12-01 15:13:23,snapshot_1764580401.jpg,laptop,0.81
2025-12-01 15:13:23,snapshot_1764580401.jpg,book,0.278
2025-12-01 15:13:28,snapshot_1764580407.jpg,laptop,0.918
2025-12-01 15:13:28,snapshot_1764580407.jpg,mouse,0.258
2025-12-01 15:13:33,snapshot_1764580411.jpg,laptop,0.941
2025-12-01 15:13:33,snapshot_1764580411.jpg,remote,0.347
2025-12-01 15:13:33,snapshot_1764580411.jpg,cup,0.318
2025-12-01 15:13:38,snapshot_1764580416.jpg,laptop,0.878
2025-12-01 15:13:38,snapshot_1764580416.jpg,cup,0.316
2025-12-01 15:13:48,snapshot_1764580426.jpg,banana,0.269
2025-12-01 15:13:53,snapshot_1764580431.jpg,laptop,0.939
2025-12-01 15:13:53,snapshot_1764580431.jpg,laptop,0.814
2025-12-01 15:13:53,snapshot_1764580431.jpg,cell phone,0.32
2025-12-01 15:13:53,snapshot_1764580431.jpg,cup,0.277
2025-12-01 15:13:58,snapshot_1764580436.jpg,cat,0.286
2025-12-01 15:13:58,snapshot_1764580436.jpg,cat,0.278
2025-12-09 10:24:05,snapshot_1765254242.jpg,tv,0.812
2025-12-09 10:24:05,snapshot_1765254242.jpg,tv,0.381
2025-12-09 10:24:05,snapshot_1765254242.jpg,book,0.37
2025-12-09 10:24:05,snapshot_1765254242.jpg,book,0.353
2025-12-09 10:24:05,snapshot_1765254242.jpg,laptop,0.331
2025-12-09 10:24:10,snapshot_1765254247.jpg,laptop,0.731
2025-12-09 10:24:10,snapshot_1765254247.jpg,book,0.338
2025-12-09 10:24:10,snapshot_1765254247.jpg,book,0.269
2025-12-09 10:24:15,snapshot_1765254252.jpg,bottle,0.872
2025-12-09 10:24:15,snapshot_1765254252.jpg,laptop,0.802
2025-12-09 10:24:20,snapshot_1765254257.jpg,bed,0.675
2025-12-09 10:24:20,snapshot_1765254257.jpg,bed,0.315
2025-12-09 10:24:20,snapshot_1765254257.jpg,laptop,0.254
2025-12-09 10:24:26,snapshot_1765254262.jpg,bottle,0.937
2025-12-09 10:24:26,snapshot_1765254262.jpg,laptop,0.394
2025-12-09 10:24:26,snapshot_1765254262.jpg,cell phone,0.277
2025-12-09 10:24:31,snapshot_1765254267.jpg,laptop,0.394
2025-12-09 10:24:31,snapshot_1765254267.jpg,laptop,0.313
2025-12-09 10:24:36,snapshot_1765254272.jpg,mouse,0.298
2025-12-09 10:24:41,snapshot_1765254277.jpg,bottle,0.844
2025-12-09 10:24:41,snapshot_1765254277.jpg,mouse,0.4
2025-12-09 10:24:41,snapshot_1765254277.jpg,laptop,0.358
2025-12-09 10:24:41,snapshot_1765254277.jpg,laptop,0.307
2025-12-09 10:24:46,snapshot_1765254283.jpg,bottle,0.84
2025-12-09 10:24:46,snapshot_1765254283.jpg,laptop,0.699
2025-12-09 10:24:56,snapshot_1765254292.jpg,bottle,0.724
